Roll Low,Roll High,Type,GP Value,Explanation
1,10,Anything Item^,40000,"A magical item of this sort appears to be any one of the small, rather weak miscellaneous magic items that arc more frequently found� typically one with a limited number of usages, although this is not always true. If the possessor commands it to do so, the item suddenly alters itself to become any other miscellaneous magic item except an artifact or relic. This enables the owner to command the item to become some form of horn of Valhalla, for instance.
Limitations: No form can ever be repeated. If the item commanded into being is normally destroyed in usage, the anything item is also destroyed. If the item duplicated has a short-term, single-use effect (such as a horn or drums), then the anything item returns to its original form after one use of that power. If the item has a long-term effect (such as a helm of underwater action), the dweomer of the anything item lasts for one day (24 hours). In any case, the item disappears after three uses."
11,20,Aquatic*%^,-25% or -50%,"Ideal gear for the fledgling underwater adventurer, these are weapons and suits of armor that have their bonuses only underwater. After all, since the PCs are out of their element underwater, they may need advantages they would not need
on dry land. Aquatic weapons and armor cost half as much as their normal counterparts. Note that free action is not included in their powers, so an aquatic long sword +1 is still difficult to swing undersea.
Free Action: The DM may provide these weapons and armor with/fee action ability (only while underwater, of course), for an XP value equal to that of a normal, magical weapon or suit of armor. Note that with free action, an aquatic long sword +7 is not difficult to swing undersea."
21,30,Cloaked Wizardry*^,4000,"The item is magical but does not radiate a dweomer upon the casting of a detect magic spell (though other divination spells do reveal its true nature). Some items, such as wings of/lying or a flask ringed with magical writings, are obviously magical despite their ""cloaks."""
31,40,Lightweight Equipment*^,100,"For thieves, mountain climbers, fast scouts, and others in a hurry, these items are extremely useful. Weight and encumbrance may be reduced by half (rounding down) when these weapons and armor are used instead of ordinary ones. No additional advantages are given in combat, though they do count as magical for attack purposes against certain monsters."
41,50,Miniature Gear*^,500,"Miniaturized items are shrunken, mundane items, the size of a bit of jewelry or any one of the patches on a robe of useful items. When the appropriate command word is spoken, they grow into full-sized, nonmagical weapons, armor, or tools. This gives PCs the ability to smuggle weapons and armor into restricted areas, which can be particularly useful in urban adventures.
The items are no heavier than one-tenth of a pound when small (the dweomer affects weight as well as size), increasing in weight when they expand. Miniaturized armor grown large must still be donned normally. This is also useful when the PCs climb vertical surfaces or when encumbrance is an issue. An ogre might chase a small knot of unarmed ""peasants"" and temporarily lose sight of them, only to discover upon catching up that the enemy is now a ring of heavily armed and armored heroes. The potential for PC and NPC ambushes is obvious."
51,60,Polymorphed Gear*^,1000,"Polymorphed items usually come in three basic types: a brooch that turns into a suit of armor, a ring that turns into a shield, and a gem or wand that turns into a weapon, giving the same advantages of lightness and surprise capability as miniature weapons and armor do. With an armor brooch or shield ring, the armor or shield is already being worn properly once the command word is spoken, whereas polymorphed armor must be donned normally. Most polymorphed devices produce only one weapon or armor type."
61,70,Psionic Dampener*^,"+1,000 / +600","This item can be used on any world where psionics are present. The frequency of the item is, of course, determined by the frequency of the psionic ability.
Designed by wizards frustrated by their inability to defend themselves and their laboratories against those wielding the psionic arts, the psionic dampener has many applications and guises. Most common are helmets that limit sight, though some designs are collars and manacles that serve the same function.
Psionic dampeners, if placed on a psionic individual, immediately inflict a penalty of-8 to any power score the psionicist has to make. Additionally, if the psionicist attempts to use psionic abilities more than once over the course of a 12-hour
period, the dampeners inflict a nasty shock worth 1d6 points of damage to the psionicist.
Psionic dampeners are permanently charged items, and require no more maintenance than an ordinary item. They can be removed as any ordinary items of the same variety; thus, a helmet can simply be removed, or manacles unlocked. If the
one imprisoning the psionicist takes any precautions against this, the psionicist can be rendered fairly helpless.
There are also rumors of psionic dampeners that inhibit the use of psionics against a person wearing a dampener. Unfortunately, the truth of the rumor cannot be confirmed or denied, as no one has found one. Rest assured, however, that if
someone has thought of it, someone else has invented it,"
71,80,Quirk*@,,"The AD&D game has one of the largest compilations of magical items in the fantasy gaming industry. The following tables have been created to add some spice and variety to existing magical items in the AD&D game world. A table of nonstandard magical item abilities is offered for each major type of magical item in the AD&D game. The rationale for such quirks is simple.
Most items arc created normally, they function exactly as a standard item of the same type in the DMG. However, sometimes there is a slight mishap in the creation of the device: the steps are not followed in the proper order, the astrological signs do not bode well, the item's creator is disturbed to begin with, the instructions are incomplete, or something just plain goes wrong. Any of these results can cause a magical item to behave differently from others just like it.
Not a l l quirks are bad, however. Some are detrimental to the item or its user, some are neutral, and some are even beneficial. The possibility of quirks existing (and the actual number of quirks) is determined by using the table below; a specific table is thereafter used to determine the exact quirks that the magical item possesses."
81,90,Racial Enhancements*&,750,"Racial weapons, armor, and equipment (the latter including rings and other protective devices) have magical bonuses, but only when being used by members of the race that created them. While it is possible, of course, for humans to make magical items of this sort, their main purpose should be to add more interest in the demihuman and humanoid races. Because these items are not so versatile as regular magical items, even a relatively weak humanoid tribal shaman or witch doctor could
make one with a great deal of effort. When the owner fights a foe of another race, he or she always has the satisfaction that a victorious enemy won't get the same advantage from the magical item that he or she had with it. As for beefing up humanoid foes without upsetting game balance, you could equip an entire tribe of orcs with orcish chain mail +1 and orcish scimitars + 1; if the heroes win anyway, they won't be able to use one bit of the magical stuff that gave them so much trouble."
91,100,Weightless Item*^,200,"For thieves, mountain climbers, fast scouts, and others in a hurry, these items are extremely useful. Weight and encumbrance may be eliminated altogether when these weapons and armor are used instead of ordinary ones. No additional advantages are given in combat, though they do count as magical for attack purposes against certain monsters."
