Low Roll,High Roll,Race
1,9,Aarakocra^
10,18,Aasimar^
19,27,Alaghi^
28,36,Aranea^
37,45,Archon^
46,54,Ashiera^
55,63,Asuras^
64,72,Bariaur^
73,80,Beastman^
81,88,Brownie^
89,96,Bugbear^
97,104,Bullywug^
105,112,Centaur^
113,120,Chitine^
121,128,Crabman^
129,136,Diopsid^
137,144,Dracon^
145,152,Dragon^
153,160,Dryad^
161,168,Dwarf^
169,176,Eladrin^
177,184,Elf^
185,192,"Elf, Half-^"
193,200,Faenare^
201,208,Fainil^
209,216,Genasi^
217,224,Giant^
225,232,Giant-kin^
233,240,Gibberling^
241,248,Giff^
249,256,Githzerai^
257,264,Gnoll^
265,272,Gnome^
273,280,Goblin^
281,288,Gremlin^
289,296,Grimlock^
297,304,Grippli^
305,312,Grommam^
313,320,Guardinal^
321,328,Hadozee^
329,336,Half-Dragon^
337,344,Halfling^
345,352,Harpy^
353,360,Hengeyokai^
361,368,Hobgoblin^
369,376,Human^
377,384,Hurwaet^
385,392,Ixitxachitl^
393,400,Kender^
401,408,Kna^
409,416,Kobold^
417,424,Kopru^
425,432,Kraken^
433,440,Kuo-Toa^
441,448,Laridian^
449,456,Lerara^
457,464,Liminal^
465,472,Lizard-kin^
473,480,Lizardman^
481,488,Locathah^
489,496,Lupin^
497,504,Malenti^
505,512,"Malenti, Noble^"
513,520,Manscorpion^
521,528,Masgai^
529,536,Merfolk^
537,544,Minotaur^
545,552,Modron^
553,560,Mold Man^
561,568,Mongrelman^
569,576,Morkoth^
577,584,Mul^
585,592,Nagpa^
593,600,Nixie^
601,608,Ogre^
609,616,Orc^
617,624,"Orc, Half-^"
625,632,Pahari^
633,640,Pegataur^
641,648,Phanaton^
649,656,Pixie^
657,664,Pterran^
665,672,Quaggoth^
673,680,Rakasta^
681,688,Rastipede^
689,696,Ravenkin^
697,704,Red Falcon^
705,712,Sahuagin^
713,720,Sapromneme^
721,728,Satyr^
729,736,Saurial^
737,744,Scro^
745,752,Selkie^
753,760,Sesheyan^
761,768,Shalarin^
769,776,Shark-kin^
777,784,Sirine^
785,792,Skulk^
793,800,Sphinx^
801,808,Spirit Folk^
809,816,Su-Doppleganger^
817,824,Su-folk^
825,832,Swanmay^
833,840,"Swanmay, Black^"
841,848,Tabi^
849,856,Tako^
857,864,Tasloi^
865,872,Telvar^
873,880,Thebestyn^
881,888,Thri-kreen^
889,896,Tiefling^
897,904,Titan^
905,912,Tortle^
913,920,Triton^
921,928,Troglodyte^
929,936,Troll^
937,944,Trow^
945,952,T'sa^
953,960,Urd^
961,968,Vodyanoi^
969,976,Wemic^
977,984,Xixchil^
985,992,Yeti^
993,1000,Zygodacts^
