Roll From,Roll To,Magical Item Category,Tables
1,20,Magical Liquids,A
21,35,Scrolls,B
36,40,Rings,C
41,41,Rods,D
42,42,Staves,E
43,45,Wands,F
46,46,Miscellaneous: Books,G
47,48,Miscellaneous: Gems & Jewelry,H
49,50,Miscellaneous: Clothing,I
51,52,Miscellaneous: Boots & Gloves,J
53,53,Miscellaneous: Girdles & Helms,K
54,55,Miscellaneous: Bags & Bottles,L
56,56,Miscellaneous: Dust & Stones,M
57,57,Miscellaneous: Household Items,N
58,58,Miscellaneous: Music Instruments,O
59,60,Miscellaneous: Weird Stuff,P
61,61,Miscellaneous: Humorous Items,Q
62,77,Armor and Shields,R
78,100,Weapons,S
