Roll (Low),Roll (High),Item Discovered
1,6,Enchanted Enhancements*#
7,12,Cape of Disguise
13,18,Cape of Good Hope
19,24,Cape of the Hornet
25,30,Cape of Horns
31,36,Cape Iuz's
37,42,Cape of Protection
43,48,Cape of Reeking
49,54,Cape Shadow
55,60,Cape Chaplet of Creature Recognition
61,66,Cloak of Appearance
67,72,Cloak of Arachnida
73,73,Cloak Artemus's of Displacement
74,79,Cloak Atmospheric
80,85,Cloak of Blackflame
86,91,Cloak Baravar Cloakshadow's
92,97,Cloak of the Bat
98,103,Cloak Battle
104,109,Cloak Bear of the Sulhaut Mountains
110,115,Cloak of the Beguiler
116,121,Cloak of Blackflame
122,127,Cloak Bolder's of the Rogue
128,133,Cloak Chameleon
134,140,Cloak Changeling
141,146,Cloak Cheetah of Amedio
147,152,Cloak of the Clouds
153,158,Cloak of Comfort
159,164,Cloak of Delight
165,170,Cloak Displacer
171,176,Cloak of Displacement
177,182,Cloak Black Dragon
183,188,Cloak Blue Dragon
189,194,Cloak Brass Dragon
195,200,Cloak Bronze Dragon
201,207,Cloak Copper Dragon
208,213,Cloak Gold Dragon
214,219,Cloak Green Dragon
220,225,Cloak Red Dragon
226,231,Cloak Silver Dragon
232,237,Cloak White Dragon
238,243,Cloak of Echoes
244,249,Cloak Elven
250,255,Cloak Elven II
256,261,Cloak of Elvenkind
262,267,Cloak of Etherealness
268,274,Cloak Fangs
275,280,Cloak Firebane
281,286,Cloak of Flame
287,292,Cloak Gargoyle
293,298,Cloak Guarding
299,304,Cloak of Healing
305,310,Cloak of the Hellfurnaces
311,316,Cloak Kaldair Swiftfoot's
317,322,Cloak KalnaKaa's Black
323,328,Cloak of Lathandar
329,334,Cloak of Lordliness
335,341,Cloak of the Manta Ray
342,347,Cloak of the Manta Ray II
348,353,Cloak Mantle of Celestian
354,359,Cloak Mantle of Mist
360,365,Cloak Mantle of the Mundane
366,371,Cloak of Many Colors
372,377,Cloak Midnight Slasher's
378,383,Cloak Mummy's Cloak
384,389,Cloak of the One Plume
390,395,Cloak of Passage
396,401,Cloak of Plenty
402,408,Cloak of Poisonousness
409,414,Cloak of Protection
415,420,Cloak of Reflection
421,426,Cloak Rhun's Horned
427,432,Cloak Shadowcloak
433,438,Cloak Shaman's Mantle
439,444,Cloak of the Shield
445,450,Cloak of Stars Type I
451,456,Cloak of Stars Type II
457,462,Cloak of Stars Type III
463,468,Cloak of Strength
469,475,Cloak Sumpko's Mantle
476,481,Cloak of Survival
482,487,Cloak of Symbiotic Protection
488,493,Cloak Tiger of Chalyik
494,499,Cloak Theodolus's of Arachnida
500,505,Cloak of Warmth
506,511,Cloak of Weather
512,517,Cloak Wings of the Rakers
518,523,Cloak White of Charming
524,529,Cloak Wolf of Wegwiur
530,535,Cloak Zinzerena's
536,542,Cloth of Cleanliness
543,548,Cloth Merchant's
549,554,Cloth of Perfect Fit
555,560,Cloth of Polishing
561,566,Cloth of Polishing II
567,572,Cloth Shekinester's
573,578,Cloth Steel
579,584,Coat Fare's of Protection
585,590,Coat Invulnerable of Arn
591,596,Coat Invulnerable of Arnd
597,602,Coat of the Seas
603,609,Dress of Amazement
610,615,Dress of Protection
616,621,Fur Anagakok
622,627,Fur of Elsewhere
628,633,Fur of Warmth
634,639,Fur Zambi's of Warmth
640,645,Gown Loriell's
646,651,Gown Sehanine's
652,657,Gown Nemean Lion Skin
658,663,Robe Aba of the Desert
664,669,Robe Aba of Displacement
670,675,Robe Aba of Protection
676,682,Robe Evil of the Archmagi
683,688,Robe Good of the Archmagi
689,694,Robe Neutral of the Archmagi
695,700,Robe of Blending III
701,706,Robe Caftan of Protection
707,712,Robe Diirinka's
713,718,Robe of Drying
719,724,Robe of Eyes
725,730,Robe Ghostrobe
731,736,Robe of Holding
737,742,Robe H'Veyk's of Immediate Access
743,749,Robe Jellaba of Concealment
750,755,Robe Jellaba of Eyes
756,761,Robe Jellaba of Scintillating Colors
762,767,Robe Kaftan of Ogrishness
768,773,Robe Marion's of Blending
774,779,Robe Mellifleur's of Stars
780,785,Robe of Powerlessness
786,791,Robe of Protection
792,797,Robe of Repetition
798,803,Robe Rock
804,809,Robe of Scintillating Color
810,816,Robe of Scintillating Colors
817,822,Robe of Serration
823,828,Robe of Stars
829,834,Robe Stone
835,840,Robe Sulmish of Magical Enhancement
841,846,Robe Tvashtri's Golden
847,852,Robe of Useful Items
853,858,Robe of Useful Items II
859,864,Robe of Useless Items
865,870,Robe of Vanishing
871,876,Robe of Veluna
877,883,Robe of Vermin
884,889,Robe of Warmth
890,895,Robe Wizard's
896,901,Robe Yama's
902,907,Shirt War (AC 1)
908,913,Shirt War (AC 2)
914,919,Shirt War (AC 3)
920,925,Shirt War (AC 4)
926,931,Shirt War (AC 5)
932,937,Shirt War (AC 6)
938,943,Stocking of Elf Summoning
944,950,Stocking of Mystery
951,956,**Tabard of the Mystics**
957,962,Tunic of Glory
963,968,Tunic Wizard's
969,974,**Veil of X-ray Vision**
975,980,Vest of Attraction
981,986,Vest of Missile Protection
987,992,Vestment Greater of Power
993,1000,Vestment Lesser of Power
