Roll (Low),Roll (High),Item Discovered
1,3,Enchanted Enhancements*#
4,7,Book of Binding Souls
8,10,Book Disks of Mishakal
11,14,Book Disks of Mishakal II
15,18,Book of the Enlightened Gods
19,21,Book of Exalted Deeds
22,25,Book of Golems
26,29,Book of Mystical Equations
30,32,Book of the Planes
33,36,Book Ravenloft Golem
37,40,Book Thuba's of Vile Darkness
41,43,Book of Twelve Seals
44,47,Book of Vile Darkness
48,50,**Contracts of Nepthas**
51,54,Libram Analect of Magic
55,58,Libram of the Black Heart
59,61,Libram Boccob's Blessed Book
62,65,Libram Codex of the Infinite Planes
66,69,Libram of Constructs
70,72,Libram of Destruction
73,76,Libram of Evaluation
77,80,Libram of Gainful Conjuration
81,83,Libram of Golems
84,87,Libram Cursed of Golems
88,91,Libram Gollum Construckzion
92,94,Libram Grimoire of Archaic Alchemy
95,98,Libram of Identification
99,101,Libram of Ineffable Damnation
102,105,Libram of Keeping
106,109,Libram of Lawful Good Legends
110,112,Libram of Lawful Neutral Legends
113,116,Libram of Lawful Evil Legends
117,120,Libram of Neutral Good Legends
121,123,Libram of Neutral Legends
124,127,Libram of Neutral Evil Legends
128,131,Libram of Chaotic Good Legends
132,134,Libram of Chaotic Neutral Legends
135,138,Libram of Chaotic Evil Legends
139,141,Libram Libram of the Planes
142,145,Libram Mhizentul's Runes
146,149,Libram of Ravenloft Golems
150,152,Libram of Recording
153,156,Libram of Silver Magic
157,160,Libram of Study (Charisma)
161,163,Libram of Study (Constitution)
164,167,Libram of Study (Dexterity)
168,171,Libram of Study (Intelligence)
172,174,Libram of Study (Strength)
175,178,Libram of Study (Wisdom)
179,182,Libram of Tedium
183,185,Libram of Teleportation Arches
186,189,Libram of Thoth
190,192,Libram of Translation
193,196,Libram of Twelve Seals
197,200,Manual Grim Grimoire
201,203,Manual of Puissant Skill at Arms
204,207,Manual of Stealthy Pilfering
208,211,Manual of Stratagems
212,214,Map Dane's Version
215,218,Map of Distortion
219,222,Map of Illusions
223,225,Map of Illusions and Secret Doors
226,229,Map of Illusions and Traps
230,232,Map of Magic
233,236,Map of Magic and Illusions
237,240,Map of Magic and Secret Doors
241,243,Map of Magic and Traps
244,247,Map of Mapping
248,251,Map of Mapping and Illusions
252,254,Map of Mapping and Magic
255,258,Map of Mapping and Secret Doors
259,262,Map of Mapping and Traps
263,265,Map of Misleading
266,269,Map of Navigation
270,273,Map of Secret Doors
274,276,Map of Secret Doors and Traps
277,280,Map of Traps
281,283,Spellbook The Alclaister
284,287,Spellbook Alokkair's
288,291,Spellbook Alterations of the Intrinsic Absolutes
292,294,Spellbook Alterations of Tangibles
295,298,Spellbook Ancient Cryptomancy
299,302,Spellbook Anishta's
303,305,Spellbook Arcanabula of Jume
306,309,Spellbook Arcane Manipulations of Entourage
310,313,Spellbook Arcane Puissance of Memory
314,316,Spellbook Arcane Resistance of Dwarves
317,320,Spellbook Architecture
321,323,Spellbook Art of Communications and Sigils
324,327,Spellbook Ashakar's
328,331,Spellbook Aubavreer's Workbook
332,334,Spellbook Avran Greenstrider's
335,338,Spellbook Barrik's
339,342,Spellbook Bashal's
343,345,Spellbook Book of Bats
346,349,Spellbook Bigby's
350,353,Spellbook Book of Black Circles
354,356,Spellbook Blessed Book of Cures
357,360,Spellbook Book of the Blind
361,364,Spellbook Bosero the Drunkard's
365,367,Spellbook Bowgenile's Book
368,371,Spellbook Bricks of the Spiritual Fortification
372,374,Spellbook Briel's Book of Shadows
375,378,Spellbook Book of the Bright Ages
379,382,Spellbook Brother Richard the Flying Monk's
383,385,Spellbook of Cabalistic Protections
386,389,Spellbook Caddelyn's Workbook
390,393,Spellbook Chambeelicon
394,396,Spellbook Chief Shaman's Spellbook
397,400,Spellbook Book of Clouds and Fog
401,404,Spellbook Collapsing Spellbook
405,407,Spellbook Components of Phosphorus
408,411,Spellbook Cosmogony of Magnetic Fluids
412,414,Spellbook Book of the Covenant
415,418,Spellbook Creation and Modification of Matter
419,422,Spellbook Cudzu's
423,425,Spellbook Cursed Tome
426,429,Spellbook Daimos's
430,432,Spellbook Book of the Dark Ages
433,436,Spellbook Dark Sides of the Memory
437,440,Spellbook Deep Fears of Humanity
441,444,Spellbook Detho's Libram
445,447,Spellbook Displacements and Modeling
448,451,Spellbook Dissimulation and Obscuration
452,455,Spellbook Doors and Passages Parallel Worlds
456,458,Spellbook Dylan Longbranch's Spellbook
459,462,Spellbook Echo & Resonance of Great Void
463,465,Spellbook Epic Saga of the Great Conjurers
466,469,Spellbook Evolution of Arcane Will
470,473,Spellbook Exalted Book of Ethnic Humor
474,476,Spellbook Extreme Powers of Observation
477,480,Spellbook Eyes Vision and Arcane Sight
481,484,Spellbook Fiendomicon of Iggwilv
485,487,Spellbook Forgotten Arts Oratory Magnetism
488,491,Spellbook Foundations of Secret Authority
492,495,Spellbook Galadaster's Orizon
496,498,Spellbook Gazette of the Norse Climates
499,502,Spellbook Glandar's Grimoire
503,505,Spellbook Glanvyl's Workbook
506,509,Spellbook Glyph Spellbooks
510,513,Spellbook Great Paravisual Emanations
514,516,Spellbook Hand of Helm
517,520,Spellbook History of Evil Mages Apprentices
521,524,Spellbook History of Good Mages Apprentices
525,527,Spellbook Book of Hopeful Deeds
528,531,Spellbook Idioms & Rare Cryptographs
532,535,Spellbook Inexplicable Reflections
536,538,Spellbook Influence on Solid Corpus
539,542,Spellbook Influences and Suggestions
543,546,Spellbook Intelligence Intuitive Domination
547,549,Spellbook Irid Newleaf's
550,553,Spellbook Jaluster's Orizon
554,556,Spellbook Korr's Book of Infinite Spells
557,560,Spellbook Laeral's Libram
561,564,Spellbook Laeyndr's Book of Metamorphoses
565,567,Spellbook Lareth's
568,571,Spellbook of Lathlintel
572,575,Spellbook Legendary of Great Arms
576,578,Spellbook Legendary of Phantoms and Ghosts
579,582,Spellbook Lexicon of Spirits
583,586,Spellbook Life of Nature Its Secrets
587,589,Spellbook Lord Yaras's
590,593,Spellbook Lore of Fiendkind
594,596,Spellbook Lore of Subtle Communication
597,600,Spellbook Luminescence and Coloration
601,604,Spellbook Mad Dog of the Desert's
605,607,Spellbook of a Magic-User
608,611,Spellbook The Magister
612,615,Spellbook Magnetic and Electric Waves
616,618,Spellbook Manor's Manual of Sight
619,622,Spellbook Manual of Powers Beyond Life
623,626,Spellbook Mental Impressions of the Retina
627,629,Spellbook Minds of The Unknown
630,633,Spellbook Mordenkainen's Spellbook
634,637,Spellbook Multiple Application Perceptomancy
638,640,Spellbook MyIsibis's Codex of Contention
641,644,Spellbook Nathlum
645,647,Spellbook Nchaser's Elyromancia
648,651,Spellbook Nonsubstance Encyclopaedia
652,655,Spellbook Book of Num the Mad
656,658,Spellbook Oerthmagik
659,662,Spellbook Occult Magnetism
663,666,Spellbook Occult Observations on Fluids
667,669,Spellbook Ordinary Necromancy
670,673,Spellbook Origins of Hour Glass Symbology
674,677,Spellbook Orjalun's Arbatel
678,680,Spellbook Peregrin's Treatise on Fixed Portals
681,684,Spellbook Planes of Antimatter
685,687,**Poison Pages**
688,691,Spellbook Powers of the Spiritual Will
692,695,Spellbook Raistlin's
696,698,Spellbook Raistlin's II
699,702,Spellbook of Rathdaen
703,706,Spellbook Red Book of War
707,709,Spellbook Repertoire of Illustrious
710,713,Spellbook Repertoire of Subconscious
714,717,Spellbook Representations of Sentient Plane
718,720,Spellbook Rigby's
721,724,Spellbook Runes of Norzahk
725,728,Spellbook Runes of Possession*
729,731,Spellbook Sabirine's Specular
732,735,Spellbook Scalamagdrion
736,738,Spellbook Science of Metaenchantment I
739,742,Spellbook Science of Metaenchantment II
743,746,Spellbook Selvar's Ineffable Conjurations
747,749,Spellbook Sakatha's
750,753,Spellbook Serpin Lexicon
754,757,Spellbook Senshock's
758,760,Spellbook Serinda's
761,764,Spellbook Seven Skies of The Universe
765,768,Spellbook Shadowtome
769,771,Spellbook Shandarial's Workbook
772,775,Spellbook Spellbook of Shangalar the Black
776,778,Spellbook Book of the Sighted
779,782,Spellbook Book of the Silver Talon
783,786,Spellbook Sir Celedon Kierney's
787,789,Spellbook Sir Olwyn Forestfriend's
790,793,Spellbook Slack's Seamless*
794,797,SpellBook Spells Written in Code*
798,800,Spellbook Spherogenesis of the Multiverses
801,804,Spellbook Studies on the Fourth Dimension
805,808,Spellbook Subconscious Repercussions
809,811,Spellbook Sublimated Oneiromancy
812,815,Spellbook Sulphur Influence and Actions
816,819,Spellbook Talel el Hareidhin's
820,822,Spellbook Tasso's Arcanabula
823,826,Spellbook Tharadduos's
827,829,Spellbook Thesis on Conditional Ruptures
830,833,Spellbook Theories on Converging Transitions
834,837,Spellbook Theory of the Invisible Forces
838,840,Spellbook Theory of Occult Visual Shock
841,844,Spellbook Theories on Perception
845,848,Spellbook Book of Thorns
849,851,Spellbook Book of Time
852,855,Spellbook Tomorast's
856,859,Spellbook Trance of the Intellect
860,862,Spellbook Transcendental Impenetrabilities
863,866,Spellbook Tymessul's Enchiridion of Travel
867,869,Spellbook Book of Unicorns
870,873,Spellbook Unique Mageries
874,877,Spellbook Universal Astronomy
878,880,Spellbook Unknown Movements of Universe
881,884,Spellbook Vaerendroon's Ineffable Enchants
885,888,Spellbook Vampire Book*
889,891,Spellbook Variations on the Visual Perception
892,895,Spellbook Weapons of the Ether
896,899,Spellbook White's Codicil
900,902,Spellbook Wizard's Workbook
903,906,Spellbook Wyvernwater Circle
907,910,Tome Tome of Bodily Health
911,913,Tome Tome Canon of Changes
914,917,Tome Tome Canon of Changes II
918,920,Tome Tome of Clear Thought
921,924,Tome Tome of Dogmatic Methods
925,928,Tome Tome of Dogmatic Methods II
929,931,Tome Tome E'soa Ho-chi
932,935,Tome Tome of the Fool
936,939,Tome Tome of Gainful Exercise
940,942,Tome Tome of Garden Flowers
943,946,Tome of Glowing Pages*
947,950,Tome Tome of Hopeful Deeds
951,953,Tome Tome of Hopeless Deeds
954,957,Tome Tome of Humorous Perspective
958,960,Tome Tome of Immoral Sanity
961,964,Tome Tome of Infinite Spells
965,968,Tome Tome Juia Lo'tanu
969,971,Tome Tome of Leadership and Influence
972,975,Tome Tome of Psionic Interaction
976,979,Tome Tome of Quickness of Action
980,982,Tome Tome of Saintly Sanity
983,986,Tome Tome of Seven Fingers
987,991,Tome Tome of Understanding
992,995,Tome Tome Vacuous Grimoire
996,1000,**Trimia's Catalogue of Artifacts**
