Roll (Low),Roll (High),Item Discovered
1,3,Enchanted Enhancements*#
4,7,Bag Backpack of Holding
8,11,Bag of Beans
12,15,Bag of Beans II
16,19,Bag Beltpouch of Disappearance
20,23,Bag of Bones
24,27,Bag Bucknard's Everfull Purse
28,31,Bag of Devouring
32,35,Bag Devouring Pouch
36,39,Bag of Duplication
40,43,Bag Ever-Full of Seeds
44,47,Bag of Eyes
48,51,Bag Feedbag of Plenty
52,55,Bag Food Pouch
56,58,Bag Henry's Carpetbag of Holding
59,62,Bag Heward's Handy Haversack
63,66,Bag of Holding
67,70,Bag of Infinite Wealth
71,74,Bag Jasper Thunderhand's Haversack
75,78,Bag Kangaroo Pouch
79,82,Bag Khalid's Pouch of Accessibility
83,86,Bag of Many Bags
87,90,Bag Nithian Saddlebags
91,94,Bag Noj's of Misplacing
95,98,Bag Pictish of Fiends
99,102,Bag of Plenty
103,106,Bag Protection Pouch
107,110,Bag Pouch of Accessibility
111,113,Bag Pouch of Holding
114,117,Bag of Returning
118,121,Bag Pouch of Security
122,125,Bag Seed Satchel
126,129,Bag Silent Purse
130,133,Bag Skain's Satchel
134,137,Bag Sleeping Bag of Armor
138,141,Bag Nullification
142,145,Bag of Teleportation
146,149,Bag of Transmuting
150,153,Bag of Traveling
154,157,Bag of Tricks
158,161,Bag of Useful Items
162,165,Bag of Vanishing
166,168,Bag Wind Pouch
169,172,Bag of the Woodlands
173,176,Bag Zadron's Pouch of Wonders
177,180,Bag Zagyg's Spell Component Pouch
181,184,Barrel of Hiding
185,188,Barrel Itzpixc's Collapsible
189,192,Barrel Neverending of Grog
193,196,Barrel Neverending of Salt Pork
197,200,Barrel of Poverty
201,204,Barrel of Rolling
205,208,Basin of the CG Angel
209,212,Basin of the LG Angel
213,216,Basin of the NG Angel
217,220,Basin of Hidden Dangers
221,224,**Basin Basket of Devouring**
225,227,Beaker of Cures
228,231,Beaker of Plentiful Potions
232,235,**Beaker Bedroll of Dryness**
236,239,Bottle Brazen
240,243,Bottle of Containment
244,247,Bottle Efreeti
248,251,Bottle of Evaporation
252,255,Bottle Eversmoking
256,259,Bottle of Fireflies
260,263,Bottle Graffiti
264,267,Bottle of Pleasant Odors
268,271,Bottle of Preservation
272,275,Bottle of Refreshment
276,279,Bottle Safety
280,282,Bottle Temperature
283,286,Bottle Thought
287,290,Bottle Thuba's Efreeti
291,294,Bottle of Trapping
295,298,Bottle Undead
299,302,Bowl of Blood
303,306,Bowl Calabash of Plenty
307,310,Bowl of Commanding Water Elementals
311,314,Bowl of Delicacies
315,318,Bowl of Ship Sinking
319,322,Bowl of Watery Death
323,326,Box Burglar Detection
327,330,Box Dead
331,334,Box of Delightful Transports
335,337,Box Dido's Flatbox
338,341,Box Face of Xenous
342,345,Box Flatbox
346,349,Box Goerl's Tackle and Portable Canoe
350,353,Box of Heating
354,357,Box Ice
358,361,Box of Many Holdings (1x1x1)
362,365,Box of Many Holdings (2x2x2)
366,369,Box of Many Holdings (3x3x3)
370,373,Box of Many Holdings (4x4x4)
374,377,Box of Many Holdings (5x5x5)
378,381,Box of Message Sending
382,385,Box Money Changer
386,389,Box Mystical Brown Coating
390,393,Box Ohm's Black
394,396,Box of Preservation
397,400,Box of Preservation II
401,404,Box Rudra's of Cloning
405,408,Box Strongbox of Immobility
409,412,Box Tamate-Bako
413,416,Brazier of Commanding Fire Elementals
417,420,Brazier Hu'i Wing
421,424,Brazier of Sleep Smoke
425,428,**Brazier Bucket of Fire Snuffing**
429,432,Cabinet of Air Restoration
433,436,Cabinet H'Veyk's Cavernous
437,440,Cabinet of Ministering
441,444,Cabinet of Security
445,448,Cage of Carrying
449,451,Cage of Entrapment
452,455,Cage of Shelter
456,459,Cage String
460,463,Can of Cant
464,467,Can of Moonlight
468,471,Can of Preserving
472,475,Can of Spinach
476,479,Can of Worms
480,483,Can Zwann's Irrigation
484,487,Can Zwann's Watering
488,491,Canister of Condiments
492,495,Canister of Curses
496,499,Canteen of Coolness
500,503,Canteen Erdlu
504,506,Canteen of Purification
507,510,Case of Compression
511,514,Case Exalted Component
515,518,Case of Document Transmission
519,522,Case of Scroll Holding
523,526,Case Tenser's Portmanteau of Frugality
527,530,Cask Everfull
531,534,Cask of the Wind Spy
535,538,Cauldron of Ambrosia
539,542,Cauldron Archdruid
543,546,Cauldron of Blindness
547,550,Cauldron of Creatures
551,554,Cauldron of Doom
555,558,Cauldron of Entrancement
559,561,Cauldron of Foretelling
562,565,Cauldron of Fresh Water
566,569,Cauldron of Healing
570,573,Cauldron of Heating
574,577,Cauldron Jubadan's
578,581,Cauldron Mordom's of Air
582,585,Cauldron of Plenty
586,589,Cauldron Potion
590,593,Cauldron of Restoring Freshness
594,597,Cauldron Warming
598,601,**Cauldron Cegilune's Iron Pot**
602,605,Censer of Conduct
606,609,Censer of Controlling Air Elementals
610,613,Censer of Controlling Air Elementals II
614,617,Censer of Summoning Hostile Elementals
618,620,Censer of Thaumaturgy
621,624,Chalice of Colors
625,628,Chalice of Continual Water
629,632,Chalice of Detection
633,636,Chalice Eucharistic
637,640,Chalice Holy Grail
641,644,Chalice of Identification
645,648,Chalice of Irreversibility
649,652,Chalice of Liquid Food
653,656,Chalice of Planar Travel
657,660,Chalice of Poison
661,664,Chalice of the Shield Lands
665,668,Chalice Silver
669,672,Chest of Drawers
673,675,Chest Foot Stool
676,679,Chest Oyster
680,683,Chest Quartermaster's
684,687,Chest of Sieges
688,691,Chest Cursed of Sieges
692,695,Chest of Zorathus
696,699,Coffin Casket of Furyondy
700,703,Coffin of Creation
704,707,Coffin Crystal
708,711,Container Fireproof
712,715,Container Watertight
716,719,**Container Crucible of Melting**
720,723,**Cup of Wine**
724,727,Decanter Carrague's of Endless Steam
728,730,Decanter of Endless Water
731,734,Decanter of Endless Water II
735,738,**Disintegration Chamber**
739,742,**Extradimensional Safe**
743,746,Flagon of Dragons
747,750,Flagon of Dimunition
751,754,Flagon Zagyg's Flowing
755,758,Flask Copper
759,762,Flask of Curses
763,766,Flask Iron
767,770,Flask Iron of Tuerny the Merciless
771,774,Flask Vapor
775,778,Goblet of Glory
779,782,Goblet of the Great Kingdom
783,786,Goblet Leomund's
787,789,Goblet Manas of Sleep
790,793,Goblet Manas of Death
794,797,Goblet Manas of Fixation
798,801,**Hold of Holding**
802,805,Horn Cornucopia
806,809,Horn Ngona of Fire Resistance
810,813,Horn Ngona of Silent Moving
814,817,Horn Ngona of Underwater Breathing
818,821,Jar Borieflin's of Steam
822,825,Jar of Comprehension
826,829,Jar of Preserving
830,833,Jug Alchemy
834,837,Jug Amorphea
838,841,Jug Red of Dyeing
842,844,Jug Blue of Dyeing
845,848,Jug of Jade
849,852,Jug of Jesting
853,856,Jug Louie Dulama's Alchemy
857,860,Kettle of Breathing
861,864,Kettle of Drumming
865,868,Kettle Everbountiful Soup
869,872,Kettle of Fish
873,876,Kettle Mithryl's Everbountiful Soup
877,880,**Kettle Leomund's Labile Locker**
881,884,Mug Leomund's
885,888,Mug of Plenty
889,892,Mug of Warming
893,896,Pitcher of Blending
897,899,Pitcher of Continuous Water
900,903,**Pitcher Portable Hole**
904,907,Prison Castellan's Magical
908,911,Prison Genie
912,915,Prison of Zagig
916,919,Prison of Zagyg
920,923,Scabbard of Holding
924,927,Scabbard of Poison
928,931,Sheath of Frogs
932,935,Sheath of Smallness
936,939,Sheath Zadore's Poison
940,943,**Sheath Sleeping Bag of Armor Nullification**
944,947,Tub of Fat
948,951,Tub of Lard
952,954,Tub Bathtub
955,958,Tub of Sailing
959,962,Tub Taryn's
963,966,Tub of Washing
967,970,Urn of Ashes
971,974,Urn of Awakening
975,978,Urn of Curses
979,982,Urn of Hindsight
983,986,Urn of Water Purification
987,990,**Urn Vampire Sheath**
991,994,**Vial of Durance**
995,1000,**Waterskin of Pouring**
