Roll From,Roll To,Item Discovered
1,3,Enchanted Enhancements*#
4,7,Ring of Admundfort of Leadership
8,11,Ring of Affliction
12,14,Ring of Amasis
15,18,Ring of Animal Control
19,22,Ring Animal Friendship
23,25,Ring Animal Magnetism
26,29,Ring Annulment
30,33,Ring Anything
34,36,Ring of Apathy
37,40,Ring of Appearance
41,43,Ring of Aquatic Depth Location
44,47,Ring of Arachnid Control
48,51,Ring Armor of Eelix
52,55,Ring of Armoring
56,62,Ring of Avian Control
63,66,Ring Awareness
67,70,Ring Bard’s
71,73,Ring of Beauty
74,77,Ring Berronar Truesilver’s Silver
78,81,Ring of Detect Lies
82,84,Ring of Thief Negation
85,88,Ring Bladeturning
89,92,Ring Blink
93,95,Ring Blinking
96,99,Ring of Boccob
100,103,Ring Bone
104,107,Ring Browdow’s of Weapon Harm
108,110,Ring Burbul
111,114,Ring of Bureaucratic Wizardry
115,118,Ring of Cantrips
119,121,Ring Cat’s Eye
122,125,Ring of Chameleon Power
126,129,Ring of Cirulon
130,132,Ring Clidarius’s of Wizardry
133,136,Ring of Clairaudience
137,140,Ring of Clear Thought
141,143,Ring of Cloaked Wizardry and Invisibility
144,147,Ring of Clumsiness
148,151,Ring of the Comet
152,154,Ring Command
155,158,Ring of Continual Churning
159,162,Ring of Contrariness
163,166,Ring of Coolness
167,169,Ring Corkitron’s of Human Influence
170,173,Ring of Courtly Etiquette
174,177,Ring Crius
178,180,Ring Cursed of the Great Kingdom
181,184,Ring of Curses
185,188,Ring Dalamar’s of Healing
189,191,Ring Dart
192,195,Ring of Delusion
196,199,Ring of Depetrification
200,202,Ring of Disguise
203,206,Ring of Distraction
207,210,Ring of Dizziness
211,214,Ring of Djinni Summoning
215,217,Ring Draupnir
218,221,Ring Draupnir II
222,225,Ring of the Drow
226,228,Ring of the Eagle
229,232,Ring of the Ear
233,236,Ring of Eelix
237,239,Ring of Eelix II
240,243,Ring of Elemental Adaptation
244,247,Ring of Elemental Command
248,250,Ring of Earth Command
251,254,Ring of Air Command
255,258,Ring of Fire Command
259,261,Ring of Water Command
262,265,Ring of Elemental Metamorphosis
266,269,Ring of Energy
270,273,Ring of ESP
274,276,Ring of Faerie
277,280,Ring Famulus
281,284,Ring of Fashion
285,287,Ring of Fearlessness
288,291,Ring of Feather Falling
292,295,Ring of Fire Resistance
296,298,Ring of Fire Starting
299,302,Ring of Flying
303,306,Ring Flynn’s of Fire
307,309,Ring of Folly
310,313,Ring of Fortitude
314,317,Ring of Free Action
318,321,Ring of Freedom
322,324,Ring of Gargoyles
325,328,Ring of Genie Summoning
329,332,Ring of Glyphs
333,335,Ring Gold Seal of Al-Kalim
336,339,Ring Golden of Healing
340,343,Ring Gordon’s Magic
344,346,Ring of the Grasshopper
347,350,Ring Halaster’s Teleportation
351,354,Ring of Harmlessness
355,357,Ring of Health
358,361,Ring of the Hierophant
362,365,Ring of the Earth Hierophant
366,369,Ring of the Air Hierophant
370,372,Ring of the Fire Hierophant
373,376,Ring of the Water Hierophant
377,380,Ring Hoinbee’s of Truth
381,383,Ring of Holiness
384,387,Ring of the Holy Slayer
388,391,Ring Horned
392,394,Ring of Human Control
395,398,Ring of Human Influence
399,402,Ring of Human Influence
403,405,Ring of Ice
406,409,Ring of Icebolts
410,413,Ring of Immunity
414,416,Ring of Impersonation
417,420,Ring of Infravision
421,424,Ring of Infravision Negation
425,428,Ring Intier’s of Shooting Stars
429,431,Ring of Invisibility Negation
432,435,Ring of Invulnerability
436,439,Ring of Izmur
440,442,Ring of Jasmine Odor
443,446,Ring of Jhessail’s Silver
447,450,Ring of Jolting
451,453,Ring of Jumping
454,457,Ring of Keys
458,461,Ring of Kings
462,464,Ring of Laduguer’s
465,468,Ring of Languages
469,472,Ring of Lanolin’s of Power
473,476,Ring of Lantern
477,479,Ring of Life
480,483,Ring of Life Protection
484,487,Ring of Light
488,490,Ring of Lighting
491,494,Ring of Lighting Resistance
495,498,Ring of Limited Telepathy
499,501,Ring of Liquid Identification
502,505,Ring of the Little People
506,509,Ring of Lolth
510,512,Ring of Lore
513,516,Ring of Lucky of the Wild Coast
517,520,Ring of Lycanthropy
521,523,Ring of Magic Detection
524,527,Ring of Magic Resistance
528,531,Ring of Mammal Control
532,535,Ring of Many Wishes
536,538,Ring of Marking*
539,542,Ring of Materialization
543,546,Ring of Memory
547,549,Ring of Message
550,553,Ring of Mind Shielding
554,557,Ring Moodarvian of Sight
558,560,Ring Moodarvian of Smell
561,564,Ring Moodarvian of Sound
565,568,Ring Moodarvian of Taste
569,571,Ring Moodarvian of Touch
572,575,Ring Mordmorgan’s of Warmth
576,579,Ring of Movement
580,583,Ring Mud
584,586,Ring of Multiple Wishes
587,590,Ring of Nature’s Love
591,594,Ring of the Necromancer
595,597,Ring of Neutralization
598,599,Ring of the Nibelungen
600,602,Ring of Night
603,606,Ring Noora’s of Djinn Summoning
607,609,Ring Nuggin’s Cursed of Armoring
610,611,Ring of Oak
612,619,Ring Onyx of Negative Plane Protection
620,623,Ring of Opposition
624,627,Ring Orbus +1
628,630,Ring Orbus +2
631,634,Ring Orbus +3
635,638,Ring of Plant Control
639,642,Ring of Plant Control II
643,645,Ring of Plant Control III
646,649,Ring of Ice Paraelemental Command
650,653,Ring of Ooze Paraelemental Command
654,656,Ring of Magma Paraelemental Command
657,660,Ring of Smoke Paraelemental Command
661,664,Ring of Phantom Form
665,667,Ring of the Phoenix
668,670,Ring of the Pomarj
671,675,Ring of Projection
676,678,Ring of Projection II
679,680,Ring of Protection
681,683,Ring of Protection from Charming
684,686,Ring of Protection from the Elements
687,690,Ring of Protection from Stone Guardians
691,693,Ring of Protection From Undead
694,697,Ring Pyros’s of Spell Storing
698,701,"Ring of Ash, Quasielemental Command"
702,704,"Ring of Dust, Quasielemental Command"
705,708,"Ring of Lightning, Quasielemental Command"
709,712,"Ring of Mineral, Quasielemental Command"
713,715,"Ring of Radiance, Quasielemental Command"
716,719,"Ring of Salts, Quasielemental Command"
720,723,"Ring of Steam, Quasielemental Command"
724,726,"Ring of Vacuum, Quasielemental Command"
727,730,Ring of Quick Action
731,734,Ring of Quickness
735,738,Quirks*@
739,741,Ring of the Ram
742,745,Ring of Randomness
746,749,Ring of Range Extension
750,752,Ring of Rapid Regeneration
753,756,Ring of Readiness
757,760,Ring of Regeneration
761,763,Ring of Remedies
764,767,Ring of Resistance
768,771,Ring of Resistance to Breath Weapons
772,774,Ring of Reversion
775,778,Ring of Reversion II
779,782,Ring of Reversion III
783,785,Ring of Rhyming
786,789,"Ring Rockcoe’s, of Bureaucratic Wizardry"
790,793,Ring of Safety
794,797,Ring Samander’s
798,800,Ring Saurian
801,804,Ring of Seeing
805,808,Ring Serten’s Spell Immunity
809,811,Ring of Servitude
812,815,Ring of Shapechanging
816,822,"Ring Sherry’s, of Animal Friendship"
823,826,Ring Shield
827,830,Ring of Shocking Grasp
831,833,Ring of Shooting Stars
834,837,Ring of Silence
838,841,Ring of Silence II
842,845,Ring of Spellbattle
846,850,Ring of Spell Eating
851,856,Ring of Spell Holding
857,859,Ring of Spell Storing
860,863,Ring of Spell Turning
864,867,Ring of Stone
868,870,Ring of Strength
871,874,Ring of Survival
875,878,Ring of Sustenance
879,881,Ring of Sustenance II
882,885,Ring of Swimming
886,889,Ring Tasslehoff’s Magic Mouse
890,892,Ring of Telekinesis
893,896,Ring of Teleportation
897,900,Ring Thal’s of Mind Shielding
901,904,Ring of Three Wishes
905,907,Ring of Three Witches
908,911,Ring of Thunder
912,915,Ring Tika’s
916,918,Ring of Tongues
919,922,Ring of Trobriand
923,926,Ring Throbriand’s Master of the Scaladar
927,929,Ring of Truth
930,933,Ring of Truth II
934,937,Ring of Truthfulness
938,940,Ring of Truthlessness
941,944,Ring of the Valiant
945,948,Ring of Vapors
949,952,Ring Varlo’s of Feather Falling
953,955,Ring of the Vizier
956,959,Ring of Warding
960,963,Ring of Stoneskin
964,966,Ring of Warmth
967,970,Ring of Water Adaptation
971,974,Ring of Water Walking
975,977,Ring of Water Walking II
978,981,Ring of Weakness
982,985,Ring White Copper of Fire
986,988,Ring of Windwarding
989,992,Ring of Winter
993,996,Ring Wizzo's of Compulsions*
997,1000,Ring of X-Ray Vision
