Roll (Low),Roll (High),Item Discovered
1,2,Enchanted Enhancements*#
3,4,Anchors Aerial
5,6,Anchors Aerial II
7,9,Anchors Fishing
10,11,Anchors Hold Fast
12,13,Anchors Man
14,15,Anchors Seafaring
16,18,Anchors Cursed of Staying
19,20,Anchors Greater of Staying
21,22,Anchors Lesser of Staying
23,24,Anchors of Weight
25,27,**Antennae of Triangulation**
28,29,**Apparatus of Kwalish**
30,31,Arms of Doom
32,34,Arms Silver of Ergoth
35,36,Arms Silver of Ergoth II
37,38,Astrolabes Celestial
39,40,Astrolabes of Henrik
41,43,Astrolabes of Entrapment
44,45,Balls of Avian Attraction
46,47,Balls Base
48,49,Balls of Cosmetology
50,52,Balls Cue
53,54,Balls Elemental (Earth)
55,56,Balls Elemental (Air)
57,59,Balls Elemental (Fire)
60,61,Balls Elemental (Water)
62,63,Balls of Endless String
64,65,Balls Foot
66,68,Balls Onyx
69,70,Balls of Power
71,72,Balloons Air
73,74,Balloons Carnivorous
75,77,Balloons of Containment
78,79,Balloons Hot Air
80,81,Balloons Poison
82,83,Balloons Rust
84,86,Balloons Soap
87,88,Balloons of Traveling
89,90,Balloons Word
91,93,Beacons Arcane
94,95,Beacons Thayvian
96,97,Bison Skull Totems Bison Skull Totem
98,99,Bison Skull Totems Kolkia's Evil
100,102,Boats Airboat
103,104,Boats Canoe of Portage
105,106,Boats Canoe of Travel
107,108,Boats Desert
109,111,Boats Small Folding
112,113,Boats Large Folding
114,115,Boats Folding Coracle
116,118,Boats Frog
119,120,Boats Goerl's Portable Canoe/Tackle Box
121,122,Boats Hasty Barge of Nyr Dyv
123,124,Boats House
125,127,Boats Ice
128,129,Boats Joukahainen's
130,131,Boats Joukahainen's II
132,133,Boats Mistboat
134,136,Boats Portable Canoe
137,138,Boats Quaal's Mystical Feather Token
139,140,Boats Semekhtet Barge
141,143,Boats Smuggler's
144,145,Boats Storm Rider of the Gearnat Sea
146,147,Boats Theon's Folding
148,149,Boats Tub of Sailing
150,152,Boats Undersea
153,154,Boats Underwater
155,156,Boats Vainamoinen's
157,158,Boats Xiphoid Xebec
159,161,**Brass Horseman**
162,163,Bridles of Acquiesce
164,165,Bridles of Control
166,167,Bridles of Control II
168,170,Bridles Golden
171,172,Bridles of Listening
173,174,Bridles Plane Shifter
175,177,Bridles of Soaring
178,179,Bridles of Speaking
180,181,Bridles of Taming
182,183,Bridles of Wings
184,186,**Carrague's Iron Golem**
187,188,Carts of Convenience
189,190,Carts of Decks
191,192,Carts Mouse
193,195,Castles Cloud
196,197,Castles Cloud II
198,199,**Celestial Planisphere**
200,202,Chains Daisy
203,204,Chains Danleon's Dungeon
205,206,Chains of Transport
207,208,Chariots of Flames
209,211,Chariots Franklyn's Incredible
212,213,Chariots Hover
214,215,Chariots Myth Mouse
216,217,Chariots of Ra
218,220,Chariots Underwater
221,222,Chariots of Vix
223,224,Chess Game Fextree
225,227,Chess Game Khas
228,229,Chess Game Magical
230,231,Chess Game Marbol's
232,233,**Chilling Snare**
234,236,Coins of Almor
237,238,Coins Bloodcoin
239,240,Coins Copper
241,242,Coins Cursed Copper Piece
243,245,Coins Eight Diagram
246,247,Coins Electrum
248,249,Coins Equus
250,251,Coins Gold
252,254,Coins of Luck
255,256,Coins Penny of Luck
257,258,Coins Platinum
259,261,Coins Raistlin's Cursed Money
262,263,Coins Returning Penny
264,265,Coins Silver
266,267,**Cone of Communication**
268,270,**Continual Light Reflector**
271,272,**Control Doll**
273,274,Crystal Balls I
275,276,Crystal Balls II
277,279,Crystal Balls III
280,281,Crystal Balls IV
282,283,Crystal Balls avec Clairaudience
284,286,Crystal Balls Hypnosis
287,288,Crystal Balls Eye of the Gods
289,290,Crystal Balls Meredlin's
291,292,**Crystal Parrot**
293,295,Crystal Warriors Diamond
296,297,Crystal Warriors Glass
298,299,Crystal Warriors Jade
300,301,Crystal Warriors Porcelain
302,304,Crystal Warriors Ruby
305,306,Cubes of Abilities
307,308,Cubes Bullion
309,310,Cubes of Calling
311,313,Cubes Cubic Foot
314,315,Cubes Cubic Gate
316,317,Cubes Cubic Yard
318,320,Cubes Daern's Instant Fortress
321,322,Cubes of Disabilities
323,324,Cubes of Farce
325,326,Cubes of Force
327,329,Cubes of Force II
330,331,Cubes of Frost Resistance
332,333,Cubes Glow
334,335,Cubes Ice
336,338,Cubes Kherogorbagyag's Copper
339,340,Cubes of Liquid Cooling
341,342,Cubes of Luck
343,345,Cubes of Sweetness
346,347,Decks of Cards of Chance
348,349,Decks of Cards Daffy
350,351,Decks of Cards of Decking
352,354,Decks of Cards Fortune Telling
355,356,Decks of Cards of Illusions
357,358,Decks of Cards of Illusions II
359,360,Decks of Cards Janean's of Many Things
361,363,Decks of Cards of Many Things
364,365,Decks of Cards of Many Things II
366,367,Decks of Cards Quarter
368,370,Decks of Cards Sun
371,372,Decks of Cards Tarot Deck of Many Things
373,374,Decks of Cards Tracer
375,376,Decks of Cards of Wondrous Power
377,379,Devices Passage
380,381,Devices Time Journeying
382,383,Dice of Certain Wagering
384,385,Dice of Chancelessness
386,388,Disks of the Azure Sea
389,390,Disks Displacer
391,397,Disks of History
398,394,Disks Tenser's Tantalus
395,397,**Dome of Shapes**
398,399,**Dragonisle's Harbor Chains**
400,401,**Dunhill's Spelljamming Apparatus**
402,404,**Dynamo of Flying**
405,406,**Edu'sascar**
407,408,**Elemental Compass**
409,410,Figureheads of Blessing
411,413,Figureheads Cursed
414,415,Figureheads of Protection
416,417,Figureheads of Protection II
418,419,Figureheads of Wondrous Power (Attacks)
420,422,Figureheads of Wondrous Power (Disguise)
423,424,Figureheads of Wondrous Power (Speed)
425,426,Figurines Alabaster Griffon
427,429,Figurines Amber Monkeys
430,431,Figurines Cat of Felkovic
432,433,Figurines Coral Dragon
434,435,Figurines Dori's Obsidian Steed
436,438,Figurines Emerald Frog
439,440,Figurines Jade Snake
441,442,Figurines Moonstone Rabbit
443,444,Figurines Onyx Panther
445,447,Figurines Opal Cats
448,449,Figurines Silver Carp
450,451,Figurines Tourmaline Turtle
452,454,Figurines of Wondrous Power
455,456,Fire Cold
457,458,Fire Dark
459,460,Fire Gyregam
461,463,Fire Folding Moat
464,465,Fire Flying Rockinghorse
466,467,Fountains Lasko's Magical
468,469,Alternate World Cates Blackjack
470,472,Alternate World Cates Blackjack
473,474,Alternate World Cates Laser Pistol
475,476,Alternate World Cates Lute
477,478,Alternate World Cates Medal
479,481,Alternate World Cates Pocket Tool
482,483,Alternate World Cates Star
484,485,Gateway of Symmetry
486,488,Ginzani's Riding Tack of Flight
489,490,Glitterlode's Blessed Skyhooks
491,492,Globes of Battleshroud Gas
493,494,Globes of Cirulon
495,497,Globes Glowing
498,499,Globes Glowing II
500,501,Globes Mervic's Gaseous
502,503,Globes of Purification
504,506,Globes Samzinna's of Putrification
507,508,Globes of Serenity
509,510,Globes Vision
511,513,Globes of Wisdom
514,515,**Goldbug**
516,517,**Golden Flour**
518,519,**Guardian Tail**
520,522,**Gravitic Stabilizer**
523,524,Spelljamming Helms Bardic
525,526,Spelljamming Helms Alarm Beacon
527,528,Spelljamming Helms Cloaking
529,531,Spelljamming Helms Death
532,533,Spelljamming Helms Forge
534,535,Spelljamming Helms Furnace
536,537,Spelljamming Helms Gnomish
538,540,Spelljamming Helms Grand
541,542,Spelljamming Helms Ki-
543,544,Spelljamming Helms Lifejammer
545,547,Spelljamming Helms Orbus
548,549,Spelljamming Helms Pool
550,551,Spelljamming Helms Pump
552,553,Spelljamming Helms Radiant
554,556,Spelljamming Helms Series
557,558,Spelljamming Helms Major
559,560,Spelljamming Helms Minor
561,562,Spelljamming Helms Ultimate
563,565,Horseshoes of Fleetness
566,567,Horseshoes of Flying
568,569,Horseshoes of the Gray Waste
570,572,Horseshoes of Luck
573,574,Horseshoes Obsidian
575,576,Horseshoes of Petrification
577,578,Horseshoes of Speed
579,581,Horseshoes of a Zephyr
582,583,Huts Baby Yaga's
584,585,Huts Spirit
586,587,Idols Carnelian
588,590,Idols of Lolth
591,592,Idols Quentin's
593,594,Idols Internal Conjuration Engine
595,597,Idols Ipsissimo's Black Goose
598,599,Kites of Lightning
600,601,Kites of Reconnaissance
602,603,Kites of Signaling
604,606,**Lapland Wool**
607,608,**Larder of Holding**
609,610,**Lighthouse**
611,612,**Lithocentric Pendulum88
613,615,Locators Portal
616,617,Locators Planetary
618,619,Locators Machine of Lum the Mad
620,621,Locators Magestar
622,624,Locators Magic Missile Device
625,626,Masts Half
627,628,Masts Portable
629,631,Masts Masthead of Durability
632,633,Mice Amazing
634,635,Mice Magic
636,637,**Mighty Servant of Leuk-O**
638,640,**Mill of Sampo**
641,642,**Minyan**
643,644,Mobiles Diamond and Silver
645,646,Mobiles Onyx and Sleet
647,649,Mobiles Ruby Turrquoise and Emerald
650,651,Nests of Eyes
652,653,Nests of Invulnerability
654,656,Nests of Life
657,658,Nests Nithian Monolith
659,660,Nests Nithian Standard
661,662,Oars Ether
663,665,Oars of Rowing
666,667,Oracles Blue of Greyhawk
668,669,Oracles Brown of Greyhawk
670,671,Oracles Green of Greyhawk
672,674,Oracles Orange of Greyhawk
675,676,Oracles Red of Greyhawk
677,678,Oracles Violet of Greyhawk
679,681,Oracles Yellow of Greyhawk
682,683,Orbs of Alignment
684,685,Orbs of the Black Swamp
684,687,Orbs Crystal
686,690,Orbs of Distant Viewing
691,692,Orbs of Draconic Influence
693,694,Orbs Dragon
695,696,Orbs of Dragonkind (Hatchling)
697,699,Orbs of Dragonkind (Dragonette)
700,701,Orbs of Dragonkind (Dragon)
702,703,Orbs of Dragonkind (Great Firedrake)
704,705,Orbs of Dragonkind (Eldest Worm)
706,708,Orbs of Golden Death (Smoky)
709,710,Orbs of Golden Death (Carnelian)
711,712,Orbs of Golden Death (Garnet)
713,715,Orbs ]
716,717,Orbs of Holiness
718,719,Orbs of Law
720,721,Orbs of Radiance
722,724,Orbs of Remote Action
725,726,Orbs of the Silver Dragon
727,728,Orbs Orrery of the Inner Planes
729,730,Pedestals Diamond of Blyphian
731,733,Pedestals Gold of Blyphian
734,735,Pedestals Plank
736,737,Pedestals Plumalitter
738,740,Pools Dimensional
741,742,Pools Golden
743,744,Pools Mellenea's Portal
745,746,Pools of Tears
747,749,Pools Portable Bridge
750,751,Pools Portable Shadow
752,753,Pools Portable Spring
754,755,Pools Prosthesis
756,758,Rudders of Guidance
759,760,Rudders of Guidance II
761,762,Rudders of Maneuverability
763,764,Rudders of Maneuverability II
765,767,Rudders of Propulsion
768,769,Rudders of Propulsion II
770,771,Rudders of Speed
772,774,Saddles of Flying
775,776,Saddles of Secure Riding
777,778,Saddles of the Spirit Horse
779,780,Saddles of Stability
781,783,Saddles of Taming
784,785,Saddles Torloch's of Comforts
786,787,Sails Black of Schnar
788,789,Sails Invisible
790,792,Sails of Maneuverability
793,794,**Sargasso Detector**
795,796,**Shade of the Shadow**
797,799,Ships Earth and Sea
800,801,Ships Frey's
802,803,Ships Galley of the Gods
804,805,Ships Halruun Skyship
806,808,Ships of Pearl
809,810,Ships Phaseship
811,812,Ships Ship-in-a-Bottle
813,814,**Ship's Wheel of Maneuverabilit**
815,817,Skulls Ebon
818,819,Skulls Mezin's
820,821,Skulls Singing
822,824,Skulls Spirit
825,826,Skulls Talking
827,828,Sledges Joukahainen's Golden
829,830,Sledges Vainamoinen's
831,833,**Sounder**
834,835,**Spelljammer Detector**
836,837,Spheres of Annihilation
838,839,Spheres of Darkness
840,842,Spheres of False Calling
843,844,Spheres Gax's of Annihilation
845,846,Spheres Glain's Crystal
847,848,Spheres Karnrohb's Airy
849,851,Spheres Micrest's Starlit
852,853,Spheres Thaddigren's Glowglobes
854,855,Spheres of Wurming
856,858,**Spiderwalker**
859,860,**Springerie**
861,862,**Standing Stone**
863,864,Statues Boli
865,867,Statues Corellon's Crystal
868,869,Statues Golden
870,871,Statues Old Salt of Power
872,873,Statues Scorpion Ward
874,876,Statues Singing
877,878,Statues Singing II
879,880,Statues Stone Horse (Courser)
881,883,Statues Stone Horse (Destrier)
884,885,Statues of Substitution
886,887,Statues Xanthippe of Annoyance
888,889,**Stick of Standing**
890,892,**Stirrups of Horsemanship**
893,894,**Timberbane's Chopper-Ripper**
895,896,Transportation Chemcheaux Teleport Pad
897,898,Transportation Teleportation Chamber
899,901,Transportation Transporter Pad
902,903,**Trap-Springer**
904,905,Trees Great
906,908,Trees of Malice
909,910,Trees of the Ravenous
911,912,Trees of Unending Lamentation
913,914,Trees of Venom
915,917,Turrets Light
918,919,Turrets Medium
920,921,Turrets Heavy
922,923,** Tyashirl's Pinwheel
924,926,** Tzolo's Guardian
927,928,** Unseen Ship Crew
929,930,Wells of Dreams
931,932,Wells of Many Worlds
933,935,Wells Sumbar Oracle
936,937,Wheels of Burning
938,939,Wheels Fairy's
940,942,Wheels of Fire
943,944,Wheels of Floating
945,946,Wheels of Fortune
947,948,Wheels Hasty
949,951,Wheels of Keening
952,953,Wheels of Lighting
954,955,Wheels of Maneuverability
956,957,Wheels of Misfortune
958,960,Wheels Square
961,962,Wheels Wind Fire
963,964,** Winch of Power
963,967,** Wind Howdah
968,969,Wings Dragon
970,971,Wings of Flying
972,973,Wings Sigh Danovitche's of Flying
974,976,Wo-ha Ui-jung Standing Monkey
977,978,Wo-ha Ui-jung Squatting Toad
979,980,Wo-ha Ui-jung Sitting Monkey
981,982,Wo-ha Ui-jung Sitting Bull
983,985,Wo-ha Ui-jung Sitting Dog
986,988,Wo-ha Ui-jung Standing Bear
989,991,Wo-ha Ui-jung Leaping Fish
992,994,Wo-ha Ui-jung Laughing Hare
995,997,Wo-ha Ui-jung Dancing Hart
998,1000,Wo-ha Ui-jung Coiled Dragon
,, 
,, 
,, 
,, 
,, 
,, 
,, 
,, 
,, 
