Roll (Low),Roll (High),Generic Magic Weapon
1,97,Arrow
98,100,Quarrel (Bolt)
101,102,Arrowhead
103,143,Axe
144,146,Ballistae
147,148,Battering Ram
149,151,Blowgun
152,152,Bombard
153,206,Bow
207,213,Crossbow
214,216,Catapult
217,223,Club
224,302,Dagger
303,332,Dart
333,343,Flail
344,372,Hammer
373,373,Harpoon
374,380,Javelin
381,387,Jettison
388,404,Lance
405,440,Mace
441,442,Mattock
443,473,Net
474,505,Polearm
506,513,Quiver
514,522,Sickle
523,526,Sling
527,527,Sling Bullet
528,528,Slingstone
529,555,Spear
556,559,Spelljamming Ram
560,958,Sword
959,960,Throwing Stars
961,974,Whip
975,1000,Special (Roll on the Table S3)
