Roll From,Roll To,Item Discovered
1,10,Enchanted Enhancements*#
11,20,Papers: of Forms
21,30,Papers: of Writing
31,40,Parchments: of Looping
41,50,Parchments: of Monster Holding
51,60,Parchments: of Selective Reading
61,70,Parchments: Self-Protecting
71,80,Parchments: of Spell Stealing
81,90,Scrolls: of Animal Growth
91,100,Scrolls: Ballant's
101,110,Scrolls: of Communication
111,120,Scrolls: of Creation
121,130,Scrolls: Curate’s
131,140,Scrolls: Cursed
141,150,Scrolls: Cursed II
151,160,Scrolls: Cursed of Amber
161,170,Scrolls: of the Death Servant
171,180,Scrolls: of Delay
181,190,Scrolls: Domination
191,200,Scrolls: of the Efreeti
201,210,Scrolls: of Equipment
211,220,Scrolls: of Erasing
221,230,Scrolls: of Five Priest Spells
231,240,Scrolls: of Five Priest Spells II
241,250,Scrolls: of Five Wizard Spells
251,260,Scrolls: of Flame Magic
261,270,Scrolls: of Four Illusionist Spells
271,280,Scrolls: Glyph
281,290,Scrolls: of Ha Rahni
291,300,Scrolls: of Illumination
301,310,Scrolls: of Mapping
311,320,Scrolls: of Mapping II
321,330,Scrolls: of Mixed Priest Spheres Spells
331,340,Scrolls: Mondasso's Automated Spell
341,350,Scrolls: Nether
351,360,Scrolls: of Portals
361,370,Scrolls: Priest of Mixed Spheres
371,380,Scrolls: Priest of Mixed Spheres II
381,390,Scrolls: of Priest Spells
391,400,Scrolls: of Protection from Acid
401,410,Scrolls: of Protection from Air
411,420,Scrolls: of Protection from Baatezu
421,430,Scrolls: of Protection from Cold
431,440,Scrolls: of Protection from Divination
441,450,Scrolls: of Protection from Dragon Breath
451,460,Scrolls: of Protection from Earth
461,470,Scrolls: of Protection from Electricity
471,480,Scrolls: of Protection from Elementals
481,490,Scrolls: of Protection from Felines
491,500,Scrolls: of Protection from Fire
501,510,Scrolls: of Protection from Gas
511,520,Scrolls: of Protection from Genies
521,530,Scrolls: of Protection from Heat
531,540,Scrolls: of Protection from Illusions
541,550,Scrolls: of Protection from Lycanthropes
551,560,Scrolls: of Protection from Magic
561,570,Scrolls: of Magical Weapons Protection
571,580,Scrolls: of Nonmagical Weapons Protection
581,590,Scrolls: of Protection from Paralyzation
591,600,Scrolls: of Protection from Petrification
601,610,Scrolls: of Protection from Plants
611,620,Scrolls: of Protection from Poison
621,630,Scrolls: of Protection from Possession
631,640,Scrolls: of Protection from Shapeshangers
641,650,Scrolls: of Protection from Spirits
651,660,Scrolls: of Protection from Tamar'ri
661,670,Scrolls: of Protection from Traps
671,680,Scrolls: of Protection from Magical Traps
681,690,Scrolls: of Protection from All Traps
691,700,Scrolls: of Protection from Undead
701,720,Scrolls: of Protection from Water
721,730,Scrolls: of Questioning
731,740,Quirks*@
741,750,Scrolls: of Recovery
751,760,Scrolls: of Repetition
761,770,Scrolls: of Return
771,780,Scrolls: Rhialle’s
781,790,Scrolls: Sand
791,800,Scrolls: Sea
801,810,Scrolls: of Seeing
811,820,Scrolls: of Seven Druid Spells
821,830,Scrolls: of Seven Wizard Spells
831,840,Scrolls: of Shelter
841,850,Scrolls: of Six Priest Spells
851,860,Scrolls: of Six Illusionist Spells
861,870,Scrolls: of Six Wizard Spells
871,880,Scrolls: of Six Wizard Spells II
881,890,Scrolls: Sorcerer’s
891,900,Scrolls: of Spell Catching
901,910,Scrolls: of the Stellar Path
911,920,Scrolls: of the Stellar Path II
921,930,Scrolls: Suggestion
931,940,Scrolls: Tattoo
941,950,Scrolls: of Transmutation
951,960,Scrolls: of Trapping
961,970,Scrolls: of Truth
971,980,Scrolls: of Wind Magic
981,990,Scrolls: Wizard
991,1000,Scrolls: of Wizards
