Roll (Low),Roll (High),Item Discovered
1,5,Enchanted Enhancements*#
6,11,Anklet Equus
12,17,Anklet of Growth
18,23,Anklet of Hobbling
24,29,Anklet of Levitation
30,35,Anklet of Sinking
36,41,Anklet of Sure Footing
42,47,Anklet of Walking
48,52,Armband of Comfort of Sleep
53,58,Armband of Death
59,64,Armband of Healing
65,70,Armband of Salutation
71,76,Armband of Snake Changing
77,82,Armband of Strength
83,88,Armband Trueheart's Warding
89,94,Armband of Variable Strength
95,99,Band of the Arachnid
100,105,Band of Bird Restraint
106,111,Band of Denial
112,117,Band Familiar Protection Enhancement
118,123,Band Iron of Bilarro
124,129,Band of Might
130,135,Band of the Serpent
136,141,Boots of Attraction
142,147,Boots of Balance
148,152,Boots of Carrying
153,158,Boots of Cleanliness
159,164,Boots of Cloudwalking
165,170,Boots of Comfort
171,176,Boots of Concealing
177,182,Boots Cyria's Winged
183,188,Boots of Dancing
189,194,Boots Deceptor's
195,199,Boots Elven
200,205,Boots Elven II
206,211,Boots of Elvenkind
212,217,Boots of Feather Falling
218,223,Boots Featherweight
224,229,Boots of Gentle Thievery
230,235,Boots of Gentle Thievery II
236,241,Boots of Jogging
242,246,Boots of Levitation
247,252,Boots Loki's
253,258,Boots Midnight Slasher's
259,264,Boots Moccasins of Free Movement
265,270,Boots of the North
271,276,Boots of Pinching
277,282,Boots Runjoye's Winged
283,288,Boots Shalandain's of Starstriding
289,294,Boots of Speed
295,299,Boots Spider's of Stealth
300,305,Boots of Star Striding
306,311,Boots of Stomping
312,317,Boots of Striding and Springing
318,323,Boots of Tracks
324,329,Boots of Traveling and Leaping
330,335,Boots of Varied Tracks
336,341,Boots Winged
342,346,Bracers of Archery
347,352,Bracers of Attraction
353,358,Bracers of Blasting
359,364,Bracers of the Blinding Strike
365,370,Bracers of Brachiation
371,376,Bracers of Brandishing
377,382,Bracers of Cleanliness
383,388,Bracers of Defense
389,393,Bracers of Defenselessness
394,399,Bracers of Deflection
400,405,Bracers of Invulnerability
406,411,Bracers of the Mermen
412,417,Bracers Noj's of Brandishing
418,423,Bracers Phandoorl's
424,429,Claw of Magic Stealing
430,435,Claw of Nezram
436,441,Claw Noj's of Magic Exchange
442,446,Claw Talon of the Danse Macabre
447,452,Claw Talon of Zaltec
453,458,Claw Twisted
459,464,**Cleats of Gripping**
465,470,Collar of Change
471,476,Collar of Charisma
477,482,Collar of Disguise
483,488,Collar of Protection
489,493,Collar of Stiffness
494,499,Collar of Strangling
500,505,Collar of Tusmit
506,511,Collar Wolf
512,517,Gauntlet Claw of the Bear
518,523,Gauntlet Clawed
524,529,Gauntlet Climbing
530,535,Gauntlet of Dexterity
536,540,Gauntlet of Dexterity II
541,546,Gauntlet of Entrapment
547,552,Gauntlet Fire Claws
553,558,Gauntlet Fjalar's
559,564,Gauntlet of Fumbling
565,570,Gauntlet Glim-Gauntlet
571,576,Gauntlet Hand of Remote Action
577,582,Gauntlet of Heat
583,588,Gauntlet of Holding
589,593,Gauntlet Iron of Urnst
594,599,Gauntlet of Might
600,605,Gauntlet of Moander
606,611,Gauntlet of Ogre Power
612,617,Gauntlet of Ogre Power II
618,623,Gauntlet of Polishing
624,629,Gauntlet of Proficiency
630,635,Gauntlet Razor Claws of Chakyik
636,640,Gauntlet of Specialization
641,646,Gauntlet of Sticking
647,652,Gauntlet of Super Strength
653,658,Gauntlet of Swimming and Climbing
659,664,Gauntlet of Tamus
665,670,Gauntlet of the Valorous
671,676,Glove Black Hand
677,682,Glove Claws of Raking
683,687,Glove Cosmetology
688,693,Glove of Evasion
694,699,Glove of the Feline (LG)
700,705,Glove of the Feline (LN)
706,711,Glove of the Feline (LE)
712,717,Glove of the Feline (NG)
718,723,Glove of the Feline (N)
724,729,Glove of the Feline (NE)
730,735,Glove of the Feline (CG)
736,740,Glove of the Feline (CN)
741,746,Glove of the Feline (CE)
747,752,Glove Fist
753,758,Glove Golden
759,764,Glove Helping Hand
765,770,Glove of Interception
771,776,Glove of Lightning
777,782,Glove of Missile Snaring
783,787,Glove of the Octopus
788,793,Glove Reglar's of Freedom
794,799,Glove Reglar's of Freedom From Magic
800,805,Glove of Thievery
806,811,Glove Thor's Magical of Power
812,817,Hand Balacer's
818,823,Hand of Harrowing
824,829,Hand Helping
830,834,Hand Holy of Bane
835,840,Hand Tomorast's Left
841,846,Hand Tomorast's Right
847,852,Hand of Vecna
853,858,Hand Wonderful
859,864,**Heel of Reunion**
865,870,Pegleg of Immurk the Invincible
871,876,Shoe of Walking
877,882,Shoe of Fharlanghn
883,887,Shoe Hefiz's Superb Shiny
888,893,Shoe Iron of Vidar
894,899,Shoe Sandals of Speed
900,905,Shoe of White Bronze
906,911,Shoe Woodland
912,917,Slipper Bahija's of Spider Climbing
918,923,Slipper of Dancing
924,929,Slipper Dragon
930,934,Slipper of Drinking
935,940,Slipper Ebomara's of Spider Climbing
941,946,Slipper Glass
947,952,Slipper of Kicking
953,958,Slipper Ruby
959,964,Slipper Ruby II
965,970,Slipper of Slowness
971,976,Slipper of Soft Movement
977,981,Slipper of Spider Climbing
982,987,**Snowshoes of Speed and Traveling**
988,993,Sock of Dryness
994,1000,Sock of Sweating
