Roll From,Roll To,Item Discovered
1,1,Enchanted Enhancements*#
2,3,**Arcane Formulae for a Dracolich**
4,5,**Arcane Formulae for a Lich**
6,7,**Cordial of the Dryad Elixirs**
8,9,of Additional Weaponry
10,11,of All-Purpose Healing
12,12,Distillate of Wolfsbane
13,14,Glitz & Klax's
15,16,of Health
17,18,of Heroic Action
19,20,of Kindness
21,22,of Life
23,23,of Luck
24,25,of Madness
26,27,Nerve Tonic
28,29,Nodozze
30,31,of Obscurement
32,33,of Photosynthesis
34,34,Physical Enhancement
35,36,Quirks*@
37,38,Rainbow Bridge
39,40,of Reduction
41,42,of Revivication
43,44,of Sanity
45,46,Skunk Water
47,47,of Sunlight Resistance
48,49,of Weakness
50,51,of Youth
52,53,of Zorbo Fingers
54,55,**Essence of Darkness**
56,57,**Ichor of Intoxication**
58,58,**Liquid Iron**
59,60,**Liquid Road**
61,62,**Mist of Rapture**
63,64,Oils: Absinthe
65,66,Oils: of Acid Resistance
67,68,Oils: African Ju Ju
69,69,Oils: of Agelessness
70,71,Oils: Allspice
72,73,Oils: Allspice II
74,75,Oils: Anger
76,77,Oils: Animation
78,79,Oils: Anise
80,80,Oils: Aphrodisia
81,82,Oils: Arabian Nights
83,84,Oils: of Aries
85,86,Oils: of Armor
87,88,Oils: of Armor II
89,90,Oils: Attraction
91,92,Oils: Attractiveness
93,93,Oils: Bard's Aphrodisiac Inspiration
94,95,Oils: Bats' Blood
96,97,Oils: of Beauty
98,99,Oils: Bendover's
100,101,Oils: Bergamot's
102,103,Oils: of the Black Arts
104,104,Oils: Bottom #20
105,106,Oils: Bruno's Curse
107,108,Oils: Buddha Type I
109,110,Oils: Buddha Type II
111,112,Oils: Buddha Type III
113,114,Oils: of Bug Repellence
115,115,Oils: Bull's
116,117,Oils: of Buoyancy
118,119,Oils: Caloric Shield
120,121,Oils: Carnation
122,123,Oils: Chocolate
124,125,Oils: Cintronella
126,126,Oils: Civit
127,128,Oils: Cleo May
129,130,Oils: of Cloaking
131,132,Oils: of Commanding
133,134,Oils: of Concentration
135,136,Oils: of Confusion
137,138,Oils: of Conquering Glory
139,139,Oils: Controlling
140,141,Oils: Crab Apple
142,143,Oils: of Crossing
144,145,Oils: Cumin Seed
146,147,Oils: Cypress Seed
148,149,Oils: of Damnation
150,150,Oils: Dendan
151,152,Oils: Desiré Eme's
153,154,Oils: of Dexterity
155,156,Oils: of Disenchantment
157,158,Oils: Doas Isay's
159,160,Oils: Double Cross
161,161,Oils: of Dragon's Blood
162,163,Oils: of Dream
164,165,Oils: of the Dryad
166,167,Oils: of Elasticity
168,169,Oils: of Elemental Invulnerability
170,171,Oils: of Enchantment
172,172,Oils: of Enchantment II
173,174,Oils: of Eternal Fire
175,176,Oils: of Etherealness
177,178,Oils: Eucalyptus
179,180,Oils: of Eve
181,182,Oils: of the Evil Eye
183,184,Oils: Excitement
185,185,Oils: of Exodus
186,187,Oils: of the Feasts
188,189,Oils: of Feather Falling
190,191,Oils: of Fiery Burning
192,193,Oils: of Fire Stilling
194,195,Oils: Five Finger Grass
196,196,Oils: Frangi Pani
197,198,Oils: of Fumbling
199,200,Oils: Galangale's
201,202,Oils: Gardenia
203,204,Oils: Getaway's
205,206,Oils: Grape
207,207,Oils: of Great Devotion
208,209,Oils: of Hair Replacement
210,211,Oils: of High Conquering
212,213,Oils: of High John the Conqueror
214,215,Oils: Hindu Grass
216,217,Oils: Honeysuckle
218,218,Oils: of Horridness
219,220,Oils: Hypnotic
221,222,Oils: Hysspo
223,224,Oils: of Immovability
225,226,Oils: of Impact
227,228,Oils: Invisibility
229,230,Oils: of Invulnerability
231,231,Oils: Jamaica
232,233,Oils: Jannis's Aroma of Nightmares
234,235,Oils: Jazper's of Permanent Etherealness
236,237,Oils: Jezebel
238,239,Oils: of Jinx Removing
240,241,Oils: Jo's Liquid Road
242,242,Oils: Kludde
243,244,Oils: Lavender
245,246,Oils: of Life
247,248,Magical Liquids: of Lighting
249,250,Magical Liquids: of Lightning Bolts
251,252,Magical Liquids: Lily of the Valley
253,253,Magical Liquids: of Lorn
254,255,Magical Liquids: of Luminescence
256,257,Magical Liquids: Magnolia
258,259,Magical Liquids: of Manpower
260,261,Magical Liquids: Maybel's Insect Charm
262,263,Magical Liquids: of Mercury
264,264,Magical Liquids: of Metal Fatigue
265,266,Magical Liquids: Mojo
267,268,Magical Liquids: of Monster Repulsion
269,270,Magical Liquids: Moon
271,272,Magical Liquids: Musk
273,274,Magical Liquids: Narcissus
275,276,Magical Liquids: of Neutral Scent
277,277,Magical Liquids: of New life
278,279,Magical Liquids: Nine Mystery
280,281,Magical Liquids: Obeah
282,283,Magical Liquids: of Obedience
284,285,Magical Liquids: Olibanum
286,287,Magical Liquids: of Permanent Disenchantment
288,288,Magical Liquids: of Petrification
289,290,Magical Liquids: of Phosphorescence
291,292,Magical Liquids: of Phosphorus
293,294,Magical Liquids: of the Pickpocket
295,296,Magical Liquids: of Power
297,298,Magical Liquids: of Preservation
299,299,Magical Liquids: Primrose
300,301,Magical Liquids: Reptilla's Curdled Death
302,303,Magical Liquids: of Reversibility
304,305,Magical Liquids: of Romance
306,307,Magical Liquids: Rosemary
308,309,Magical Liquids: Rue
310,310,Magical Liquids: of Rust Proofing
311,312,Magical Liquids: Sandalwood
313,314,Magical Liquids: of Scents
315,316,Magical Liquids: of Scribes
317,318,Magical Liquids: of Scrying
319,320,Magical Liquids: of Sharpness
321,322,Magical Liquids: of Slipperiness
323,323,Magical Liquids: Snake
324,325,Magical Liquids: Solomon's
326,327,Magical Liquids: Spikenard
328,329,Magical Liquids: Spirit
330,331,Magical Liquids: of Stillness
332,333,Magical Liquids: of Stone Passage
334,334,Magical Liquids: of Sulfur
335,336,Magical Liquids: of Time
337,338,Magical Liquids: of Timelessness
339,340,Magical Liquids: Trinity
341,342,Magical Liquids: of Unlocking
343,344,Magical Liquids: Verbena
345,345,Magical Liquids: of Vibration
346,347,Magical Liquids: Virgin Olive
348,349,Magical Liquids: of Vision
350,351,Magical Liquids: of Voodoo
352,353,Magical Liquids: of Will Power
354,355,Magical Liquids: Wintergreen
356,356,Magical Liquids: of Wishing
357,358,Magical Liquids: Witch's
359,360,Magical Liquids: Xyz
361,362,Magical Liquids: Ylang Ylang
363,364,Magical Liquids: Zodiac
365,366,Magical Liquids: Zula Zula
367,368,Ointments: of Blessing
369,369,Ointments: Courtesan's Cream
370,371,Ointments: of Far Seeing (Ashen)
372,373,Ointments: of Far Seeing (Black)
374,375,Ointments: of Far Seeing (Blue)
376,377,Ointments: of Far Seeing (Bluish)
378,379,Ointments: of Far Seeing (Clear)
380,380,Ointments: of Far Seeing (Copper)
381,382,Ointments: of Far Seeing (Golden)
383,384,Ointments: of Far Seeing (Gray)
385,386,Ointments: of Far Seeing (Silver)
387,388,Ointments: of Far Seeing (White)
389,390,Ointments: of Flying
391,391,Ointments: of Healing
392,393,Ointments: of Healing II
394,395,Ointments: Keoghtom's
396,397,Ointments: of Mage Smelling
398,399,Ointments: Poison
400,401,Ointments: of Recovery
402,402,Ointments: of Scar Removal
403,404,Ointments: of Scarring
405,406,Ointments: of Second Sight
407,408,Ointments: of Soothing
409,410,Ointments: Tanning
411,412,**Padriac's Portable Purveyor**
413,414,Perfumes: Aroma of Dreams
415,415,Perfumes: Curdled Death
416,417,Perfumes: Elyas
418,419,Perfumes: Essence of Darkness
420,421,Perfumes: Murdock's Insect Ward
422,423,Perfumes: Starella's Aphrodisiac
424,425,Philters: Aleese's of Overwhelming Love
426,426,Philters: of Beauty
427,428,Philters: of Drunkenness
429,430,Philters: of Drunkenness II
431,432,Philters: Durimal's Merry Blend
433,434,Philters: Durimal's Potent Draft
435,436,Philters: Durimal's Sovereign Tonic
437,437,Philters: of Glibness
438,439,Philters: of Love
440,441,Philters: of Persuasiveness
442,443,Quirks*@
444,445,Philters: of Stammering and Stuttering
446,447,Pigments: Bell's Palette of Identity
448,448,Pigments: of Blackmoor (Red)
449,450,Pigments: of Blackmoor (Blue)
451,452,Pigments: of Blackmoor (Green)
453,454,Pigments: of Blackmoor (Black)
455,456,Pigments: of Blackmoor (White)
457,458,Pigments: of Blackmoor (Brown)
459,460,Pigments: of Longevity
461,461,Pigments: Nolzur's Marvelous
462,463,Pigments: Yellow Kohl
464,465,Potions: of Absorption
466,467,Potions: of Advanced Meditation
468,469,Potions: of Agility
470,471,Potions: of Ageing
472,472,Potions: of Alternate Profession
473,474,Potions: of Ambrosia
475,476,Potions: Amalgamous Type I
477,478,Potions: Amalgamous Type II
479,480,Potions: Amalgamous Type III
481,482,Potions: of Animal Control
483,483,Potions: Antidote
484,485,Potions: of Anti-Magic
486,487,Potions: of Anti-Sleep
488,489,Potions: of Arcane Comprehension
490,491,Potions: of Archmagedom
492,493,Potions: of Black Sight
494,494,Potions: of Blending
495,496,Potions: of Blindness
497,498,Potions: of Bouncing
499,500,Potions: of Bubbles
501,502,Potions: of Chameleon Power
503,504,Potions: of Childishness
505,506,Potions: of Clairaudience
507,507,Potions: of Clairvoyance
508,509,Potions: of Clarity
510,511,Potions: Clay
512,513,Potions: Clean and Dry
514,515,Potions: Clearwater
516,517,Potions: of Climbing
518,518,Potions: of Controlling Damage
519,520,Potions: of Cold Resistance
521,522,Potions: of Confusion
523,524,Potions: of Contact Disruption
525,526,Potions: of the Corrosive Touch
527,528,Potions: of Craftsmanship
529,529,Potions: of Creation
530,531,Potions: of Cure Disease
532,533,Potions: of Curing Lycanthropy
534,535,Potions: of Danger Detection
536,537,Potions: Dark Draft of the Voodoo Masters
538,539,Potions: of Deafness
540,540,Potions: of Defense
541,542,Potions: of Deftness (Dex 17)
543,544,Potions: of Deftness (Dex 18)
545,546,Potions: of Deftness (Dex 19)
547,548,Potions: of Deftness (Dex 20)
549,550,Potions: of Deftness (Dex 21)
551,552,Potions: of Delusion
553,553,Potions: of Digestion
554,555,Potions: of Digging
556,557,Potions: of Diminution
558,559,Potions: of Direction
560,561,Potions: of the Dracolich
562,563,Potions: of Dragon Breath
564,564,Potions: of Amethyst Dragon Breath
565,566,Potions: of Black Dragon Breath
567,568,Potions: of Blue Dragon Breath
569,570,Potions: of Brass Dragon Breath
571,572,Potions: of Bronze Dragon Breath
573,574,Potions: of Brown Dragon Breath
575,575,Potions: of Cloud Dragon Breath
576,577,Potions: of Copper Dragon Breath
578,579,Potions: of Crystal Dragon Breath
580,581,Potions: of Gold Dragon Breath
582,583,Potions: of Green Dragon Breath
584,585,Potions: of Iron Dragon Breath
586,586,Potions: of Mercury Dragon Breath
587,588,Potions: of Mist Dragon Breath
589,590,Potions: of Red Dragon Breath
591,592,Potions: of Sapphire Dragon Breath
593,594,Potions: of Shadow Dragon Breath
595,596,Potions: of Silver Dragon Breath
597,598,Potions: of Steel Dragon Breath
599,599,Potions: of Topaz Dragon Breath
600,601,Potions: of White Dragon Breath
602,603,Potions: of Yellow Dragon Breath
604,605,Potions: of Dragon Control
606,607,Potions: of Dragon Control II
608,609,Potions: of Dragon Control III
610,610,Potions: of Dragon Sight
611,612,Potions: Dragon's Blood
613,616,Potions: of Dreaming
617,618,Potions: of Dreamspeech
619,620,Potions: of Drunkenness
621,621,Potions: of Elasticity
622,623,Potions: of Elasticity II
624,625,Potions: of Elemental Control
626,627,Potions: of Elemental Form
628,629,Potions: of Enlightenment
630,631,Potions: of ESP
632,632,Potions: of Ethereality
633,636,Potions: of Explosions
637,638,Potions: Vial of Explosions
639,640,Potions: of Extra-Healing
641,642,Potions: of Fire Breath
643,644,Potions: of Fire Resistance
645,645,Potions: of Fire Vulnerability
646,647,Potions: of Fluidness
648,649,Potions: of Flying
650,651,Potions: of Forewarning
652,653,Potions: of Forgetfulness
654,655,Potions: of Forgetfulness II
656,656,Potions: of Fortitude
657,658,Potions: Foul Water
659,660,Potions: of Freedom
661,662,Potions: of Fresh Air
663,664,Potions: of Fright
665,666,Potions: of Frost Resistance
667,667,Potions: of Fur Growth
668,669,Potions: of Gaseous Form
670,671,Potions: of Genius
672,673,Potions: of Ghostliness
674,675,Potions: of Giant Control
676,677,Potions: of Giant Control II
678,678,Potions: of Giant Strength
679,680,Potions: Glitz & Klax's*
681,682,Potions: of Gluttony
683,684,Potions: of Golden Silence
685,686,Potions: of Good Humor
687,688,Potions: Gray Slumber
689,690,Potions: of Greensprouting
691,691,Potions: of Growth
692,693,Potions: of Healing
694,695,Potions: of Heroism
696,697,Potions: Horn of Plenty
698,699,Potions: of Housecat Control
700,701,Potions: of Human Control
702,702,Potions: Hummingbird Nectar
703,704,Potions: of Immunity
705,706,Potions: of Immunization From Lycanthropes
707,708,Potions: of Infravision
709,710,Potions: of Inner Strength
711,712,Potions: of Insulation
713,713,Potions: of Intensity
714,715,Potions: of Invisibility
716,717,Potions: of Invulnerability
718,719,Potions: of Iron Handedness
720,721,Potions: Istar's Truth
722,723,Potions: Kanzaz
724,724,Potions: Kur's Drink
725,726,Potions: of Language Learning
727,728,Potions: of Lethargy
729,730,Potions: of Levitation
731,732,Potions: of Lichdom
733,734,Potions: of Life Stealing
735,736,Potions: of Life Suspension
737,737,Potions: of Lightning Form
738,739,Potions: of Longevity
740,740,Potions: Love
741,742,Potions: of Luck
743,744,Potions: of Lycanthropy
745,746,Potions: Mage Wine
747,748,Potions: of Magic Blocking
749,750,Potions: of Magic Enhancement
751,752,Potions: of Magic Peas
753,754,Potions: of Magic Resistance
755,756,Potions: of Magic Resistance II
757,758,Potions: of Magic Shielding
759,759,Potions: of Magnetism
760,761,Potions: of Magnification
762,763,Potions: of Master Thievery
764,765,Potions: of Merging
766,767,Potions: of Metal Immunity
768,769,Potions: of the Midas Touch
770,770,Potions: of Mind Dampening
771,772,Potions: of Mind Focusing
773,774,Potions: of Mind Restoration
775,776,Potions: Mirage
777,778,Potions: of Mirrored Eyes
779,780,Potions: of Missile Protection
781,782,Potions: of Monster Creation
783,783,Potions: of Neutralization
784,785,Potions: of Noxious Resistance
786,787,Potions: of Nutrition
788,789,Potions: Odrovur
790,791,Potions: of Open Mind
792,793,Potions: of Opposite Alignment
794,794,Potions: of Pain Suppression
795,796,Potions: of Perception
797,798,Potions: of Pestilence
799,800,Potions: of Petrification
801,802,Potions: Phase
803,804,Potions: of Plant Control
805,805,Potions: of Plant Growth
806,807,Potions: of Poison
808,809,Potions: of Poison Negation
810,811,Potions: of Polymorph Self
812,813,Potions: of Wizard Power
814,815,Potions: of Priest Power
816,816,Potions: of Rogue Power
817,818,Potions: of Warrior Power
819,820,Potions: Pox
821,822,Potions: of Protection from Immiscibility
823,824,Potions: of the Pseudo Treant
825,826,Potions: of Psionic Ability
827,828,Potions: Psionics Boosting (Gray)
829,829,Potions: Psionics Boosting (Green)
830,831,Potions: Psionics Boosting (Red)
832,833,Potions: Psionics Boosting (Silver)
834,835,Potions: Psionics Boosting (Violet)
836,837,Potions: Psionics Boosting (White)
838,839,Potions: Psionics Boosting (Yellow)
840,840,Potions: of the Psychotic Killer
841,842,Potions: of Pursuit
843,844,Quirks*@
845,846,Potions: of Rage
847,848,Potions: of Rainbow Hues
849,850,Potions: of Recall
851,851,Potions: of Reflection
852,853,Potions: of Regeneration
854,855,Potions: of Regeneration II
856,857,Potions: of Rejuvenation
858,859,Potions: of Rest
860,861,Potions: of Restoration
862,862,Potions: of Resuscitation
863,864,Potions: of Reverse Ventriloquism
865,866,Potions: of Rogue Wisdom
867,868,Potions: of Safe Consumption
869,870,Potions: of Scent Neutralization
871,872,Potions: of Scrying
873,874,Potions: of Seeing
875,875,Potions: of Sensory Enhancement
876,877,Potions: of Shadow
878,879,Potions: of Sharp Eyes
880,881,Potions: of Sight
882,883,Potions: Singing
884,885,Potions: Skeletal
886,886,Potions: of Sleep Bestowing
887,888,Potions: of Sleep Breathing
889,890,Potions: Sleeping
891,892,Potions: of Sleepy Breath
893,894,Potions: of Snake Crawling
895,896,Potions: of Sobriety
897,897,Potions: of Soul-Chilling
898,899,Potions: of Speech
900,901,Potions: of Speed
902,903,Potions: of Spelljamming
904,905,Potions: of Spirit Binding
906,907,Potions: of Spirit Flight
908,908,Potions: of Stone Form
909,910,Potions: of Strength
911,912,Potions: of Superhealing
913,914,Potions: of Superheroism
915,916,Potions: of Superheroism II
917,918,Potions: of Superior Animal Control
919,920,Potions: of Superior Healing
921,921,Potions: of Sustenance
922,923,Potions: Sweet Water
924,925,Potions: of Swimming
926,927,Potions: of Teleportation
928,929,Potions: of Thievery
930,931,Potions: of Thinness
932,932,Potions: Toad Skin
933,934,Potions: of Tongues
935,936,Potions: of Toughening
937,938,Potions: of Tragic Heroism
939,940,Potions: of Treasure Finding
941,942,Potions: of Truth
943,943,Potions: Truth Drug
944,945,Potions: of Ugliness
946,947,Potions: of the Undead
948,949,Potions: of Undead Control
950,951,Potions: of Underground Awareness
952,953,Potions: of Useful Appendages
954,954,Potions: of Vampirism
955,956,Potions: of Venom
957,958,Potions: of Ventriloquism
959,960,Potions: of Visions
961,962,Potions: of Vitality
963,964,Potions: Wallac's of Speedcasting
965,966,Potions: of Water Adventuring
967,967,Potions: of Water Breathing
968,969,Potions: of Water Breathing II
970,971,Potions: of Water Breathing III
972,973,Potions: of Water Movement
974,975,Potions: of Wizardry
976,977,Potions: of Worm Calling
978,978,Potions: Zak's of Invulnerability
979,980,Potions: Zombie Blood
981,982,Potions: Zombie Broth
983,984,Salves: of Far Seeing
985,986,Salves: of Healing
987,988,Salves: of Scar Removal
989,989,**Sea Dew**
990,991,**Sovereign Glue**
992,993,**Universal Solvent**
994,995,Water: Blessed
996,997,Water: Golden
998,999,Water: Holy
1000,1000,**Wine of Eternity**
