Roll (Low),Roll (High),Item Discovered
01,05,**Acorn of Wo Mai**
06,11,**Al-Azid's Ghostly Palace**
12,17,**Alchemist's Apparatus**
18,23,**All-Knowing Eye of Yasmin Sira**
24,29,**Apparatus of Dreadful Construction**
30,35,**Armlet by Wayland**
36,41,**Artifurnace**
42,47,**Asmodeus's Ruby Rod**
48,52,**Axe of the Dwarf Lords**
53,58,**Axe of the Emperors**
59,64,**Baba Yaga's Hut II**
65,70,**Blackjammer's Cutlass**
71,76,**Book of Amon**
77,82,**Book of Zargos**
83,88,**Book With No End**
89,94,**Bringer of Doom**
95,99,**Calvan's Bell**
100,105,**Carven Oak**
106,111,**Claw of Mighty Simurgh**
112,117,**Codex of the Infinite Planes II**
118,123,**Coin of Jisan the Bountiful**
124,129,**Comb of the Korrigans**
130,135,Crown of Chaotic Evil
136,141,Crown of Chaotic Good
142,147,Crown of Chaotic Neutral
148,153,Crown of Lawful Evil
153,158,Crown of Lawful Good
159,164,Crown of Lawful Neutral
165,170,Crown of Neutral
171,176,Crown of Neutral Evil
177,182,Crown of Neutral Good
183,188,**Crystal of Light**
189,194,**Crystal of the Ebon Flame II**
195,199,**Cup of Al'Akbar**
200,205,**Daoud's Wondrous Lanthron**
206,211,**Death Rock**
212,217,**Diamond Orb of Tyche**
218,223,**Ebonbane II**
224,229,**Egg of the Phoenix II**
230,235,**Eye of Vecna II**
236,241,**Fiery Brand of Masawu**
242,246,**Fountain of Time**
247,252,**Fountain of Tomorrow**
253,258,**Girdle of Armida**
259,265,**Girdle of De 'Rah**
266,270,**Golden Circlet II**
271,276,**Hammer of Gesen**
277,282,**Hammer of Kharas**
283,288,**Hand of Vecna II**
289,294,**Helmet of Halav**
295,299,**Helmet of Petra**
300,305,**Herald of Mei Lung**
306,311,**Heward's Mystical Organ**
312,317,**Heward's Mystical Organ II**
318,323,**Holy Grail II**
324,329,**Horn of Change**
330,335,**Humbaba's Glaring Eye**
336,341,**Hymir's Steaming Cauldron**
342,346,**Icon of Halav**
347,352,**Icon of Petra**
353,358,**Invulnerable Coat of Arnd II**
359,364,**Iron Bow of Gesen II**
365,370,**Iron Flask of Tuerny II**
371,376,**Ivory Chain of Pao**
377,382,**Ivory Plume of Maat**
383,388,**Jacinth of Inestimable Beauty II**
389,393,**Johydee's Mask II**
394,399,**Kuroth's Quill II**
400,405,**Libram of Zargos**
406,411,**Mace of St. Cuthbert IV**
412,417,**Machine of Lum the Mad II**
418,423,**Mask of Bachraeus**
424,429,**Master Plan**
430,435,**Mighty Servant of Leuk-O II**
436,441,**Milenian Scepter**
442,447,**Mirror-Shield of Rhedderian**
448,452,**Mjolnir**
453,458,**Monkey Fist of Ha'chao**
459,464,**Monocle of Bagthalos**
465,470,**Necklace of Uultiu**
471,476,**Obsidian Man of Urik**
477,482,Orb of Chaotic Evil
483,488,Orb of Chaotic Good
489,493,Orb of Chaotic Neutral
494,499,Orb of Dragonkind II
500,505,Orb of the Dragon
506,511,Orb of the Dragonette
512,517,Orb of the Drake
518,523,Orb of the Elder Wyrm
524,529,Orb of the Eternal Dragon
530,535,Orb of the Firedrake
536,540,Orb of the Gold-Hoarder
541,546,Orb of the Great Serpent
547,552,Orb of the Hatchling
553,558,Orb of the Scaled
559,564,Orb of the Serpent
565,570,Orb of the Wyrmkin
571,576,Orb of Lawful Evil
577,582,Orb of Lawful Good
583,588,Orb of Lawful Neutral
589,593,Orb of Neutral
594,599,Orb of Neutral Evil
600,605,Orb of Neutral Good
606,611,**Ortnit's Lance of Doom**
612,617,**Peaceful Periapt of Pax**
618,623,**Pileus**
624,629,**Porpherio's Garden Pool**
630,635,**Pyramid Energy**
636,640,**Queen Elhissa's Nightingale**
641,646,**Queen Elhissa's Nightingale II**
647,655,**Queen's Eye**
656,662,**Rainbow Scarf of Sinbad**
663,669,**Red Chariot of Agni**
670,676,**Regalia of Might II**
677,682,Crown of Evil
683,687,Crown of Good
688,693,Crown of Neutrality
694,699,Orb of Evil
700,705,Orb of Good
706,711,Orb of Neutrality
712,717,Scepter of Evil
718,723,Scepter of Good
724,729,Scepter of Neutrality
730,735,**Rift Spanner**
736,740,**Ring of Gaxx**
741,746,**Rod of Seven Parts**
747,752,**Rod of Seven Parts II**
753,758,**Rod of Teeth**
759,764,**Sacred Grove Horn**
765,770,Scepter of Chaotic Evil
771,776,Scepter of Chaotic Good
777,782,Scepter of Chaotic Neutral
783,787,Scepter of Lawful Evil
788,793,Scepter of Lawful Good
794,799,Scepter of Lawful Neutral
800,805,Scepter of Neutral
806,811,Scepter of Neutral Evil
812,817,Scepter of Neutral Good
818,823,Scepter of the Sorcerer-King
824,829,**Seal of Jafar al-Samal**
830,834,**Shadow Belt**
835,840,**Shadowstaff**
841,846,**Shard of Sakkrad**
847,852,**Sibylline Book**
853,858,**Silencer of Bodash**
859,864,**Stone Scepter of Shih**
865,870,**Surya's Chariot**
871,876,**Sword of Kas**
877,882,**Sword of Kas II**
883,887,**Talisman of Al'Akbar**
888,893,**The Apparatus**
894,899,**The Gauntlet**
900,905,**The Sentinel**
906,911,**Throne of the Gods**
912,917,**Throne of the Gods II**
918,923,**Timepiece of Klor**
924,929,**Timeplttt of Klorr**
930,934,**Tome of Ssu-Ma**
935,940,**Tooth of Dalhvar-nar II**
941,946,**Tree of Life**
947,952,**Tree or Life II**
953,958,Circlet of Betrayal
959,964,Coin of Betrayal
965,970,Dagger of Betrayal
971,976,**Verthandi's Invincible Hourglass**
977,981,**Well of All Heals**
982,987,**Wife of Ilmariens**
988,993,**World-Shield Ort**
994,1000,**Ye'Cind's Recorder**
