Roll (Low),Roll (High),Item Discovered
1,1,Enchanted Enhancements*#
2,2,Weapon Enhancements$
3,3,**Accelerator**
4,4,Arrow Abaris's
5,5,Arrow Acid
6,6,Arrow Aggravation
7,7,Arrow Antimagic
8,8,Arrow Apollo's
9,9,Arrow Attraction
10,10,Arrow Biting
11,11,Arrow Black of Iuz
12,12,Arrow Blinding
13,13,Arrow Blinking
14,14,Arrow Bolt of Lightning
15,15,Arrow Bow-Breaking
16,16,Arrow Burning
17,18,Arrow Charming
19,19,Arrow Charming II
20,20,Arrow Clairaudience
21,21,Arrow Clairvoyance
22,22,Arrow Climbing
23,23,Arrow Connection
24,24,Arrow Curing
25,25,Arrow Darkness
26,26,Arrow Detonation
27,27,Arrow Direction
28,28,Arrow Disarming
29,29,Arrow Disintegration
30,30,Arrow Dispelling
31,31,Arrow Distance
32,32,Arrow Draconian Slaying
33,33,Arrow Elven
34,34,Arrow Enchantment
35,36,Arrow Explosions
37,37,Arrow Extended Range
38,38,Arrow Faerie Fire
39,39,Arrow Fire
40,40,Arrow Fire Seed
41,41,Arrow Fire Trap
42,42,Arrow Flaming
43,43,Arrow Flying
44,44,Arrow Force
45,45,Arrow Harm
46,46,Arrow Holding
47,47,Arrow Holding II
48,48,Arrow Ice
49,49,Arrow Illumination
50,50,Arrow Illusory Missile
51,51,Arrow Justice
52,53,Arrow Law
54,54,Arrow Light
55,55,Arrow Lighting
56,56,Arrow Lightning
57,57,Arrow Lycanthrope Slayer
58,58,**Arrow Maglubiyet's Wounding**
59,59,Arrow Messaging
60,60,Arrow Missile Weapon of Accuracy
61,61,Arrow Missile Weapon of Distance
62,62,Arrow Multiplicity
63,63,Arrow Nilbog
64,64,Arrow Oberon's
65,65,Arrow Oberon's
66,66,Arrow Paralyzation
67,67,Arrow Penetrating
68,68,Arrow Penetration
69,69,Arrow Perseverance
70,71,Arrow Piercing
72,72,Arrow Polymorphing
73,73,Arrow Pursuit
74,74,Arrow Quarrel of Biting (Acid)
75,75,Arrow Quarrel of Biting (Normal)
76,76,Arrow Quarrel of Biting (Poison)
77,77,Arrow Red
78,78,Arrow Refilling
79,79,Arrow Returning
80,80,Arrow Rock Piercing
81,81,Arrow Roping
82,82,Arrow Scent Detection
83,83,Arrow Screaming
84,84,Arrow Screaming II
85,85,Arrow Seeking
86,86,Arrow Seeking II
87,87,Arrow Set
88,89,Arrow Signaling
90,90,Arrow Silence
91,91,Arrow Sinking
92,92,Arrow Slaying
93,93,Arrow Slaying II
94,94,Arrow Slaying III
95,95,Arrow Slaying IV
96,96,Arrow Snake
97,97,Arrow Speaking
98,98,Arrow Stun Bolt
99,99,Arrow Stunning
100,100,Arrow Stirge's Bite
101,101,Arrow Teleporting
102,102,Arrow Transporting
103,103,Arrow Wooden
104,104,Arrow Wounding
105,106,**Arrow Arrowhead of Marking**
107,107,Axe Agni's Red
108,108,Axe Ama-Tsu-Mara's Vorpal
109,109,Axe Arumdina
110,110,Axe Azuredge
111,111,Axe Brihaspati's
112,112,Axe of Brotherhood
113,113,Axe Callarduran Smoothhands's
114,114,Axe Cursed Battle
115,115,Axe of Cutting
116,116,Axe Deathstriker
117,117,Axe of the Dwarvish Lords
118,118,Axe of Enchantment
119,119,Axe Frostreaver
120,120,Axe Garl Glittergold's Battle
121,121,Axe Gnarldan's Battle
122,122,Axe Hastseltsi's Hand
123,124,Axe Hastsezini's Hand
125,125,Axe of Hurling
126,126,Axe Lortz's Battle
127,127,Axe Maglubiyet's
128,128,Axe Might of Heroes
129,129,Axe Molydeus's
130,130,Axe Motopua
131,131,Axe Nanna Sin's Black
132,132,Axe Nomog-Geaya's Hand
133,133,Axe Pickaxe of Piercing
134,134,Axe Rocksplitter
135,135,Axe Sampsa's Golden
136,136,Axe Shag's Battle
137,137,Axe Sulward's
138,138,Axe Thor's Kiss
139,139,Axe Throwing
140,140,Axe Thumb Height Man's
141,142,Axe Torshorak
143,143,Axe Tunnelrunner's
144,144,Axe Withering Pickaxe
145,145,Axe of the Woodsman
146,146,Axe Zebulon's of Leaving
147,147,Axe Zzzzzz's of Snoring
148,148,Ballista Heavy
149,149,Ballista Medium
150,150,Ballista Light
151,151,Battering Ram Bigby's Demanding
152,152,Battering Ram Magical
153,153,Blowgun of Accuracy
154,154,Blowgun of Distance
155,155,Blowgun Hawk
156,156,**Bombard**
157,157,Bow Aasimon
158,159,Bow of Accuracy
160,160,Bow Ajagava
161,161,Bow of Anshan
162,162,Bow Black
163,163,Bow Brihaspati's
164,164,Bow of the Centaurs
165,165,Bow Corellon's Long
166,166,Bow of Accuracy
167,167,Bow of Angling
168,168,Bow of Distance
169,169,Bow of Enchantment
170,170,Bow of Klee
171,171,Bow of Multiplication
172,172,Bow of Speed
173,173,Bow of Speed II
174,174,Bow Cursed
175,175,Bow of Distance
176,177,Bow of Doubling
178,178,Bow Eagle
179,179,Bow of Enchantment
180,180,Bow Firebow
181,181,Bow Fire Teeth
182,182,Bow of the Forest
183,183,Bow Gem
184,184,Bow Goblins' Bane
185,185,Bow Hastsezini's
186,186,Bow Hawk
187,187,Bow Heartseeker
188,188,Bow of Haste
189,189,Bow of Vampire Slaying
190,190,Bow Heracles's
191,191,Bow Hiataea's Long
192,192,Bow Ice Fang
193,193,Bow Illusory
194,195,Bow Indra's
196,196,Bow Iron of Gesen
197,197,Bow Joukahaien's Crossbow
198,198,Bow Last Shot
199,199,Bow of Levitation
200,200,Bow of Lir
201,201,Bow of Marksmanship
202,202,Bow of Neverending Arrows
203,203,Bow Oberon's
204,204,Bow Odin's
205,205,Bow Phantom
206,206,Bow Rudra's
207,207,Bow Sarnge
208,208,Bow Shichi's Daikyu
209,209,Bow Solonor Thelandira's
210,210,Bow of Speed
211,212,Bow Underwater Crossbow
213,213,Bow of the Unicorn
214,214,Bow Valis's
215,215,Bow of Vampire Slaying
216,216,Bow of Warning With Curse
217,217,Bow of Warning Without Curse
218,218,Catapult Light
219,219,Catapult Medium
220,220,Catapult Heavy
221,221,Club Aegir's
222,222,Club Bronzewood Cudgel
223,223,Club Daghda's
224,224,Club Druid's Cudgel
225,225,Club Fire's
226,226,Club Great Stone
227,227,Club Girolantor's
228,228,**Crutch of Lightning**
229,230,Dagger Abbhator's
231,231,Dagger Alignment Detection
232,232,Dagger Aphrodite's
233,233,Dagger Armor Piercing
234,234,Dagger Baravar Cloakshadow's
235,235,Dagger of Blackflame
236,236,Dagger Blade of Banishing
237,237,Dagger Bladestar
238,238,Dagger Brandobaris's
239,239,Dagger Buckle Knife
240,240,Dagger Buckler Knife
241,241,Dagger Ceremonial
242,242,Dagger Chih-Nii's
243,243,Dagger Chill Blade
244,244,Dagger of Concealment
245,245,Dagger of Defiance
246,246,Dagger Dolphins' Bane
247,248,Dagger of Doomwarding
249,249,Dagger Dragon Fang
250,250,Dagger Dragonfang
251,251,Dagger Elven
252,252,Dagger of the Evil Eye
253,253,Dagger Eviscerator
254,254,Dagger Fang
255,255,Dagger Fang of the Nosferatu
256,256,Dagger Flying
257,257,Dagger Flying II
258,258,Dagger Freya's Fiery
259,259,Dagger Frigga's
260,260,Dagger Golemblight
261,261,Dagger Grimwald's
262,262,Dagger Guardian Blade
263,263,Dagger Hastseltsi's Throwing
264,265,Dagger Hecate's
266,266,Dagger Hornblade (Knife size)
267,267,Dagger Hornblade (Dagger size)
268,268,Dagger of Illusory Metal
269,269,Dagger of Impaling
270,270,Dagger Iyarim's Flying
271,271,Dagger Jump
272,272,Dagger Kiaransalee's
273,273,Dagger Knife of Continual Sharpness*
274,274,Dagger Knife of Sharpness
275,275,Dagger Koalinth Slayer
276,276,Dagger Loki's Envenomed
277,277,Dagger Longtooth
278,278,Dagger Mageslayer
279,279,Dagger of the Magius
280,280,Dagger Mervic's
281,281,Dagger Nut's Black
282,283,Dagger of Quickness
284,284,Dagger Rabbitslayer
285,285,Dagger Random Target
286,286,Dagger Resource
287,287,Dagger Rust Blade
288,288,Dagger Rutterkin Sling Blade
289,289,Dagger Sahuagin Dolphin
290,290,Dagger of Set
291,291,Dagger Soma's
292,292,Dagger of Sounding
293,293,Dagger Speaking
294,294,Dagger Spider Fang
295,295,Dagger Sung Chiang's
296,296,Dagger of Throwing
297,297,Dagger of Throwing II
298,298,Dagger Throwing of Returning
299,299,Dagger Tooth of Torm
300,301,Dagger of Truth
302,302,Dagger Tufala's Jambiya
303,303,Dagger Tvasthri's
304,304,Dagger of Vengeance
305,305,Dagger of Venom
306,306,Dagger Werebane
307,307,Dagger Xochiquetzal's
308,308,Dagger Yama's
309,309,Dart of Biting
310,310,Dart of Blinking
311,311,Dart of Branding
312,312,Dart of Charming
313,313,Dart of Climbing
314,314,Dart of Curing
315,315,Dart Death
316,316,Dart Death II
317,318,Dart of Disarming
319,319,Dart of Dispelling
320,320,Dart of Flying
321,321,Dart of Homing
322,322,Dart of the Hornets' Nest
323,323,Dart Illusory Missiles
324,324,Dart of Light
325,325,Dart of Lighting
326,326,Dart of Penetrating
327,327,Dart of Refilling
328,328,Dart of Screaming
329,329,Dart of Seeking
330,330,Dart of Sinking
331,331,Dart of Slaying
332,332,Dart of Speaking
333,333,Dart of Stunning
334,334,Dart Svirfneblin
335,336,Dart of Teleporting
337,337,Dart of Transporting
338,338,Dart of Wounding
339,339,**Discus of Disenchantment**
340,340,Dimensional Mine
341,341,Dimensional Mine II
342,342,Ellister's Dimensional Mine
343,343,Hem Bomb
344,344,Spelljamming Mine
345,345,Wethilion's Time Bomb
346,346,Flail Bael's Morning Star
347,347,Flail Bargrivyek's
348,348,Flail Battle Star
349,349,Flail of the Desert Kings
350,350,Flail Dragonflail
351,351,Flail Fleeting
352,352,Flail Morning Star of Detection
353,354,Flail Multiple Rod of Dancing
355,355,Flail Osiris's Royal
356,356,Flail Pharaoh's
357,357,**Gnomish Sweeper**
358,358,Hammer Aegis-Fang
359,359,Hammer Air
360,360,Hammer Colgomerce's of Thunderbolts
361,361,Hammer Delzoun's Fist
362,362,Hammer Dwarf Thrower
363,363,Hammer Dwarf Thrower II
364,364,Hammer Flandal Steelskin's
365,365,Hammer Gaerdal Ironhand's
366,366,Hammer Goibhniu's War
367,367,Hammer Hephaestus's
368,368,Hammer Kostchtchie's
369,369,Hammer Kostchtchie's II
370,371,Hammer of Life
372,372,Hammer Mallet of Luck
373,373,Hammer Maul of the Titans
374,374,Hammer Mjolnir II
375,375,Hammer of Nailing
376,376,Hammer Nai No Kami's
377,377,Hammer of Penetration
378,378,Hammer Runehammer
379,379,Hammer of Silence
380,380,Hammer Storm
381,381,Hammer Stromnau's of Thunderbolts
382,382,Hammer of Thunderbolts
383,383,Hammer of Vengeance
384,384,Hammer of Vitriol
385,385,Hammer Whelm
386,386,Hammer Winged
387,387,Harpoon Magical
388,389,Helmseeker Accelerator
390,390,Helmseeker Ballista
391,391,Helmseeker Bombard
392,392,Helmseeker Catapult
393,393,Helmseeker Great Bombard
394,394,Helmseeker Greek Fire
395,395,Helmseeker Jettison Medium
396,396,Javelin Cursed
397,397,Javelin of Distance
398,398,Javelin Hrugekk's of Lightning
399,399,Javelin Huitzilopochtli's
400,400,Javelin of Lightning
401,401,Javelin of Piercing
402,402,Javelin Sunbolt
403,403,Jettison Light Magical
404,404,Jettison Medium Magical
405,405,Jettison Heavy Magical
406,407,Jettison Light Magical II
408,408,Jettison Medium Magical II
409,409,Jettison Heavy Magical II
410,410,Lance Anhur's
411,411,Lance Copper
412,412,Lance Death
413,413,Lance Footman Dragonlance
414,414,Lance Mounted Dragonlance
415,415,Lance of Fire
416,416,Lance Hastsezini's Lance of
417,417,Lance Izanagi's
418,418,Lance Lesser Footman's Dragonlance
419,419,Lance Lesser Mounted Dragonlance
420,420,Lance of Piercing
421,421,Lance Puchan's Golden
422,422,Lance Tribal
423,424,Lance True Dragonlance
425,425,Lance Venom
426,426,Lance Wind's
427,427,Mace Astral Deva
428,428,Mace Bael's Morning Star
429,429,Mace Berronar Truesilver's
430,430,Mace Black
431,431,Mace of Crushing
432,432,Mace of Darkness
433,433,Mace Diamond
434,434,Mace of Disruption
435,435,Mace Driver
436,436,Mace Expeller
437,437,Mace Great Golden of the North
438,438,Mace Great Holy Icon
439,439,Mace Hruggek's Morning Star
440,440,Mace Ironstar
441,442,Mace Mace-Wand
443,443,Mace Memnor's Morning Star
444,444,Mace Muamman Duathal's
445,445,Mace Nebelen's
446,446,Mace Nightbringer
447,447,Mace of Pain
448,448,Mace Raiden's
449,449,Mace Shadowcaster
450,450,Mace Skull
451,451,Mace of Spellwarding
452,452,Mace of St. Cuthbert
453,453,Mace of St. Cuthbert II
454,454,Mace of St. Cuthbert III
455,455,Mace Staff-Mace
456,456,Mace Storm Star
457,457,Mace Tadrond's
458,458,Mace Undeadbane
459,460,Mace Undeadbane II
461,461,Mace Varuna's
462,462,Mace Warstar of the Manticore
463,463,Mattock Dumathoin's
464,464,Mattock of the Titans
465,465,Net Ashley's of Entrapment
466,466,Net Drag
467,467,Net of Entrapment
468,468,Net of Fishing
469,469,Net Hare
470,470,Net Hiataea's of Weakness
471,471,Net Hiataea's of Feeblemind
472,472,Net Hiataea's of Petrification
473,473,Net of Landing
474,474,Net Loyal of Restraint
475,475,Net of Plenty
476,477,Net of Profit
478,478,Net Safety
479,479,Net of Snaring
480,480,Net of Snaring II
481,481,Net of Sneering
482,482,Net of Spirit Snaring
483,483,Net Webnet
484,484,Net Webnet II
485,485,Net of Worth
486,486,**Noisome Spirit Chaser**
487,487,Paddleboard Magical
488,488,Paddleboard of Wondrous Transformation
489,489,Pellet Flash
490,490,Pellet Flash II
491,491,Polearm Baphomet's Bardiche
492,492,Polearm Belial's Military Fork
493,493,Polearm Blessed Trident
494,495,Polearm of Commanding Water Creatures
496,496,Polearm Fisher's Trident of Fish Command
497,497,Polearm Fork of Jabbing
498,498,Polearm Fork of Travel
499,499,Polearm Lacedonbane
500,500,Polearm Mephistopheles's Fork
501,501,Polearm Niord's Great Trident
502,502,Polearm O-Wata-Tsu-Mi's Jade Trident
503,503,Polearm Persana's Trident
504,504,Polearm Pitchfork of Penetration
505,505,Polearm Poseidon's Trident
506,506,Polearm Reptilebane
507,507,Polearm Rutterkin Polearm
508,508,Polearm Saw-Toothed Glaive
509,509,Polearm Trident of Elemental Death
510,510,Polearm Trident of Fish Command
511,511,Polearm Trident of Fish Control
512,513,Polearm Trident/Military Fork
514,514,Polearm Trident of the Oljatt Sea
515,515,Polearm Trident of the Phlogiston
516,516,Polearm Trident of Submission
517,517,Polearm Trident of Warning
518,518,Polearm Trident of Yearning
519,519,Polearm Uluth'gak's Gythka
520,520,Polearm Water Elemental Slayer
521,521,Polearm Wave
522,522,Polearm Zezen Washio's Trident
523,523,Quiver of Arrow Storing
524,524,Quiver Black
525,525,Quiver of Ehlonna
526,526,Quiver Frief's Magical
527,527,Quiver Never Empty
528,528,Quiver of Returning
529,530,Quiver of Wrong Returning
531,531,Quiver Rutterkin Snap-Tong
532,532,Shot Elmarin Cannon Call I (Dust)
533,533,Shot Elmarin Cannon Call I (Ring)
534,534,Shot Elmarin Cannon Call I (Snow)
535,535,Shot Elmarin Cannon Call II (Shatter)
536,536,Shot Elmarin Cannon Call II (Skunk)
537,537,Shot Elmarin Cannon Call II (Termite)
538,538,Shot Elmarin Cannon Call III (Warp)
539,539,Shot Elmarin Cannon Call III (Shrapnel)
540,540,Sickle Ahto's
541,541,Sickle Black
542,542,Sickle Cronus's
543,543,Sickle Gaea's Black
544,544,Sickle Golden
545,545,Sickle of the Harvest
546,546,Sickle of Lycanthropy
547,548,Sling Scythe of Pain
549,549,Sling Blacksling
550,550,Sling Bolas of Sunlight
551,551,Sling Finnigin's
552,552,Sling of Seeking
553,553,Sling Bullet of Impact
554,554,Slingstone of Pulverizing
555,555,Spear of Accuracy
556,556,Spear Ares's
557,557,Spear Athena's
558,558,Spear Backbiter
559,559,Spear Black Kumade
560,560,Spear Demeter's
561,561,Spear Gae Bolg
562,562,Spear Goibhniu's
563,563,Spear Gruumsh's
564,564,Spear Gungnir
565,566,Spear Gungnir II
567,567,Spear Hadron's
568,568,Spear Heartseeker
569,569,Spear Heartseeker II
570,570,Spear Heartwood
571,571,Spear Hiataea's
572,572,Spear Ice
573,573,Spear Invisibility
574,574,Spear of Lightning
575,575,Spear Longspear
576,576,Spear Marduk's
577,577,Spear of Penetration
578,578,Spear Perseverance
579,579,Spear Perseverance II
580,580,Spear Plaguepiercer
581,581,Spear Poseidon's
582,582,Spear Scorching
583,583,Spear of Shocking
584,584,Spear of Shocking II
585,585,Sword of Accuracy
586,586,Sword Aegis
587,587,Sword Agiel
588,588,Sword Air
589,589,Sword Alu Kahn Sang
590,590,Sword Alyndra's
591,591,Sword Anhur's
592,592,Sword Ares's
593,593,Sword of Articulation
594,594,Sword of Articulation II
595,595,Sword Atropos
596,596,Sword Bane
597,597,Sword Bane II
598,598,Sword Bane III
599,599,Sword of Banishing
600,600,Sword Bast's
601,601,Sword Bastard Sword of Luck
602,602,Sword Bastard Sword of Wounding
603,603,Sword Bastard Sword of Wounding II
604,604,Sword of the Battlerager
605,605,Sword Belib's
606,606,Sword Belib's II
607,607,Sword Belib's III
608,608,Sword Black Blade
609,609,Sword of the Blade Barrier
610,610,Sword of Bloodletting
611,611,Sword Bone Blade
612,612,Sword Bone Cleaver
613,613,Sword Bone Cleaver II
614,614,Sword Brandobaris's
615,615,Sword of Burning
616,616,Sword of Burning II
617,617,Sword of Clarity
618,618,Sword of Clarity II
619,619,Sword Cleansing Flame
620,620,Sword of Cold
621,621,Sword of Cold II
622,622,Sword of Cold III
623,623,Sword Cold Iron
624,624,Sword Cold Iron II
625,625,Sword Cold Iron III
626,626,Sword Combat
627,627,Sword Combat II
628,628,Sword Companion's
629,629,Sword Companion's II
630,630,Sword Companion's III
631,631,Sword Companion's IV
632,632,Sword Companion's V
633,633,Sword Companion's VI
634,634,Sword Companion's VII
635,635,Sword Companion's VIII
636,636,Sword Companion's IX
637,637,Sword Companion's X
638,638,Sword Dancing
639,639,Sword Dancing II
640,640,Sword Dancing III
641,641,Sword Dancing IV
642,642,Sword Dancing V
643,643,Sword Dancing VI
644,644,Sword Dancing VII
645,645,Sword Dancing VIII
646,646,Sword Dancing IX
647,647,Sword Dancing X
648,648,Sword Dark Crystal
649,649,Sword Dark Flame
650,650,Sword Dead Blade
651,651,Sword Dead Blade II
652,652,Sword Dead Blade III
653,653,Sword Defender
654,654,Sword Defender II
655,655,Sword Defender III
656,656,Sword Defender IV
657,657,Sword Defender V
658,658,Sword Defender VI
659,659,Sword Defender VII
660,660,Sword Defender VIII
661,661,Sword Defender IX
662,662,Sword Defender X
663,663,Sword of Demon Slaying
664,664,Sword Demon Slayer II
665,665,Sword Demon Slayer III
666,666,Sword Demon Slayer IV
667,667,Sword Demon Slayer V
668,668,Sword Demon Slayer VI
669,669,Sword Demon Slayer VII
670,670,Sword Demon Slayer VIII
671,671,Sword Demon Slayer IX
672,672,Sword Demon Slayer X
673,673,Sword Demon Slayer XI
674,674,Sword Demon Slayer XII
675,675,Sword Demon Slayer XIII
676,676,Sword Demon Slayer XIV
677,677,Sword Demon Slayer XV
678,678,Sword Demon Slayer XVI
679,679,Sword Demon Slayer XVII
680,680,Sword Demon Slayer XVIII
681,681,Sword Demon Slayer XIX
682,682,Sword Demon Slayer XX
683,683,Sword of Despair
684,684,Sword Despair II
685,685,Sword Despair III
686,686,Sword Despair IV
687,687,Sword Despair V
688,688,Sword Despair VI
689,689,Sword Despair VII
690,690,Sword Despair VIII
691,691,Sword Despair IX
692,692,Sword Despair X
693,693,Sword Despair XI
694,694,Sword Despair XII
695,695,Sword Despair XIII
696,696,Sword Despair XIV
697,697,Sword Despair XV
698,698,Sword Despair XVI
699,699,Sword Despair XVII
700,700,Sword Despair XVIII
701,701,Sword Despair XIX
702,702,Sword Despair XX
703,703,Sword Despair XXI
704,704,Sword Despair XXII
705,705,Sword Despair XXIII
706,706,Sword Despair XXIV
707,707,Sword Despair XXV
708,708,Sword Despair XXVI
709,709,Sword Despair XXVII
710,710,Sword Despair XXVIII
711,711,Sword Despair XXIX
712,712,Sword Despair XXX
713,713,Sword Despair XXXI
714,714,Sword Despair XXXII
715,715,Sword Despair XXXIII
716,716,Sword Despair XXXIV
717,717,Sword Despair XXXV
718,718,Sword Despair XXXVI
719,719,Sword Despair XXXVII
720,720,Sword Despair XXXVIII
721,721,Sword Despair XXXIX
722,722,Sword Despair XL
723,723,Sword Despair XLI
724,724,Sword Despair XLII
725,725,Sword Despair XLIII
726,726,Sword Despair XLIV
727,727,Sword Despair XLV
728,728,Sword Despair XLVI
729,729,Sword Despair XLVII
730,730,Sword Despair XLVIII
731,731,Sword Despair XLIX
732,732,Sword Flaming
733,733,Sword Flaming II
734,734,Sword Floating Blade of Shin Lu
735,735,Sword Flying Scimitar of Tusmit
736,736,Sword Foebane
737,737,Sword Foefinder
738,738,Sword Forseti's
739,739,Sword Frey's
740,740,Sword Frey's II
741,742,Sword Frey's Two-Handed
743,743,Sword Freya's Frost Brand
744,744,Sword of Friendship
745,745,Sword Frost Brand
746,746,Sword Galanti
747,747,Sword Gemsword
748,748,Sword Genie Slayer
749,749,Sword Genies' Bane
750,750,Sword Genies' Bane (Dao) II
751,751,Sword Genies' Bane (Djinn) II
752,752,Sword Genies' Bane (Efreet) II
753,753,Sword Genies' Bane (Marid) II
754,754,Sword Genieblight
755,755,Sword Geniescourge
756,756,Sword Giant Slayer
757,758,Sword of Giant Slaying
759,760,Sword of the Giants
761,761,Sword Githyanki Knight's Silver
762,762,Sword Githyanki Leader's Silver
763,763,Sword Glorius
764,764,Sword Goblinviolent
765,765,Sword of the Golden Gulf
766,766,Sword Golembane
767,767,Sword Gram
768,768,Sword Grankhul's
769,769,Sword Graz'zt's
770,770,Sword Greenswathe
771,771,Sword Gregory's Holy Avenger
772,772,Sword Grinthane
773,773,Sword Guardian Blade
774,774,Sword Hachiman's
775,775,Sword Hades's
776,776,Sword Harmonizer
777,778,Sword Harpo's Orcslayer
779,779,Sword Hawksblade
780,780,Sword Heart of Stone
781,781,Sword Heartseeker
782,782,Sword Heimdall's
783,783,Sword Hel's
784,784,Sword Ho Masubi's
785,785,Sword Hofud
786,786,Sword Holy
787,787,Sword Holy Avenger
788,788,Sword Holy Revenger
789,789,Sword of Honor
790,790,Sword Hornblade
791,791,Sword of Horus
792,792,Sword Ice Claw
793,793,Sword Ilbratha (Mistress of Battle)
794,795,Sword Ilneval's Broad sword
796,796,Sword Ilyana
797,797,Sword Indra's Flaming
798,798,Sword of Insanity
799,799,Sword of Intercession
800,800,Sword Ironfang
801,801,Sword Jaysen's Magebane
802,802,Sword Joyeuse
803,803,Sword Justice
804,804,Sword Kabal
805,805,Sword Kaldaïr Swiftfoot's
806,806,Sword Kali's
807,807,Sword Karali's Silver
808,808,Sword Kirren's Frostbrand
809,809,Sword Kullervo's
810,810,Sword Kura (The Darkness)
811,811,Sword Kusunogi no Tsurugi (Grass Quelling)
812,813,Sword Lafarallinn's
814,814,Sword Lancelin's
815,815,Sword Laprov
816,816,Sword Lassiviren's
817,817,Sword Lemmikainen's
818,818,Sword Life Saver
819,819,Sword Life Stealing
820,820,Sword Life Taker
821,821,Sword of Light
822,822,Sword Lightning Blade
823,823,Sword Locate Object
824,824,Sword Elven of Luck
825,825,Sword Luck Blade
826,826,Sword Lydia's Broad sword
827,827,Sword of Lyons
828,828,Sword Malign
829,829,Sword Madoc's
830,831,Sword Mamluk of Obedience
832,832,Sword of Mammal Slaying
833,833,Sword Mantooth
834,834,Sword Mantooth II
835,835,Sword Maroon
836,836,Sword Mayonaka's Silver Katana
837,837,Sword Melior
838,838,Sword Meredin's Luck Blade
839,839,Sword Mimung
840,840,Sword Mitra's of Light
841,841,Sword Monster Slayer
842,842,Sword Moon Blade
843,843,Sword Morglay
844,844,Sword Movanic Deva
845,845,Sword Naesoewen (Ghost Blade)
846,846,Sword Nagelring
847,848,Sword Namara Neversleep
849,849,Sword Neekar
850,850,Sword Nepanth
851,851,Sword of Night
852,852,Sword Nightwatcher
853,853,Sword Nightwind
854,854,Sword Nine Lives Stealer
855,855,Sword Nine Steps Draining
856,856,Sword Nomog-Geaya's Broad sword
857,857,Sword Oberon's
858,858,Sword of Odin
859,859,Sword Odin's
860,860,Sword of Olynthos
861,861,Sword Owen's
862,862,Sword Paramel
863,863,Sword Partisan
864,864,Sword Peacemaker
865,866,Sword Peregrine's
867,867,Sword Phantom
868,868,Sword Pleropan
869,869,Sword Piercer
870,870,Sword Plak's
871,871,Sword of the Planes
872,872,Sword Poisonsword
873,873,Sword Porpherio's
874,874,Sword Purta Blue's
875,875,Sword of Quickness
876,876,Sword Ratri's
877,877,Sword Red Death
878,878,Sword Red Robin
879,879,Sword Red Sabre
880,880,Sword Redeemer
881,881,Sword Red Astran of Enmity
882,882,Sword Ren's of Dancing
883,884,Sword Reptilian Legionnaire
885,885,Sword Retaliator
886,886,Sword Retaliator II
887,887,Sword Rutterkin Flatchet
888,888,Sword of the Sands
889,889,Sword Sauvagine
890,890,Sword Savitri's
891,891,Sword Scale Cleaver
892,892,Sword Scales of Justice
893,893,Sword Scalebane
894,894,Sword Schakha
895,895,Sword Scimitar of Speed
896,896,Sword Scorbanne
897,897,Sword Scourge of Regenerators
898,898,Sword Serpent Slicer
899,899,Sword Sess'innek's Two-Handed
900,901,Sword Sess'innek's One-Handed
902,902,Sword Seventh Blade
903,903,Sword Shadowsword
904,904,Sword Shalandain's Holy Avenger
905,905,Sword of Shame
906,906,"Sword Sun Blade, Sh'arien"
907,907,Sword of Sharpness
908,908,Sword Shazzellim
909,909,Sword Shichi's Katana
910,910,Sword Shimmering Blade of Shin Ginsen
911,911,Sword Shina-Tsu-Hiko's
912,912,Sword Shock Blade
913,913,Sword Shu's
914,914,Sword Sif's
915,915,Sword Singing
916,916,Sword Siva's Scimitar
917,917,Sword of Skewering
918,919,Sword Slayer
920,920,Sword Snakebane
921,921,Sword Snoop
922,922,Sword Snow on the Mountain
923,923,Sword Soulblade
924,924,Sword of Souls
925,925,Sword Soulsucker
926,926,Sword Special
927,927,Sword Spectral
928,928,Sword Spellbinder
929,929,Sword Spellblade
930,930,Sword Stalker
931,931,Sword Starfall
932,932,Sword Stonefist
933,933,Sword Stormbringer
934,934,Sword Sun Blade
935,935,Sword Sunsword
936,937,Sword Surtr's Flaming
938,938,Sword Surya's of Light
939,939,Sword Susanoo's Blue
940,940,Sword Susk
941,941,Sword Sylabra
942,942,Sword Syrar's Silver
943,943,Sword Taragarth
944,944,Sword Tarl Vanovitch's Sun Blade
945,945,Sword Tefnut's
946,946,Sword Tideripper
947,947,Sword Timesweep
948,948,Sword Token
949,949,Sword Tri-Entity
950,950,Sword Troll's Bane
951,951,Sword Twinkle
952,952,Sword Tyr's of Sharpness
953,954,Sword Undead Slayer
955,955,Sword Uranus's
956,956,Sword Vainamoinen's
957,957,Sword Vainamoinen's II
958,958,Sword Vampiric Regeneration
959,959,Sword Vanya's Wrath
960,960,Sword Vasco
961,961,Sword Vergadain's Broad sword
962,962,Sword Vhaeraun's
963,963,Sword Vorpal
964,964,Sword Vorpal II
965,965,Sword Warbringer
966,966,Sword Warlord Blade of the Shield Lands
967,967,Sword Weasel
968,968,Sword Whirlwind Blade
969,969,Sword White
970,970,Sword of the Wild Coast
971,972,Sword Willow Wand
973,973,Sword of Wishes
974,974,Sword Woodhold
975,975,Sword of Wounding
976,976,Sword Wyrmcleaver
977,977,Sword Wyrmsbane
978,978,Sword Wyrmsbane II
979,979,Sword Wyrmslayer
980,980,Sword Wyrmsvenin
981,981,Sword Xiphoid Xebec
982,982,Sword Yondalla's
983,983,Sword Zenchoo Katana
984,984,Sword Zinzerena's
985,985,Throwing Star of Ojy-do
986,986,Throwing Star of Returning
987,987,Whip of Amatar
988,988,Whip Balor
989,990,Whip of Feathers
991,991,Whip of Frost Fire and Fear
992,992,Whip Furies's (Alecto's)
993,993,Whip Furies's (Megarea's)
994,994,Whip Furies's (Tisiphone's)
995,995,Whip Khurgorbaeyag's
996,996,Whip Moloch's
997,997,Whip Purpose
998,998,Whip of Summoning
999,999,Whip Tar's Chaotic Creature
000,000,Whip of Zeif
