Roll From,Roll To,Item Discovered
1,7,Enchanted Enhancements*#
8,14,Cane of Age
15,21,Cane of Armament
22,28,Cane of Blindness
29,35,Cane of Detection
36,43,Cane of Stiffness
44,50,Cane Wernick's of Striking
51,57,Gaff of Docking
58,64,Gaff of Gaffes
65,71,**Gnomewrecker**
72,79,**Pharaoh's Crook**
80,86,Staff of Air and Water
87,93,Staff Alar Ch'Aranol's
94,100,Staff of Aquatic Wizardry
101,107,Staff Arctor's of Swarming Insects
108,115,Staff Aric's of Power
116,122,Staff of Battle
123,129,Staff of Battle II
130,136,Staff Blackstaff
137,143,Staff Caduceus
144,150,Staff of Caracannomos
151,158,Staff Catstaff
159,165,Staff Catstaff II
166,172,Staff Centcoel's
173,179,Staff of Cirulon
180,186,Staff of Human influence
187,193,Staff of Mammal/Animal Control
194,200,Staff of Plant Control
201,207,Staff of Commanding
208,214,Staff of Conjuration
215,221,Staff of the Couatl
222,229,Staff of Curing
230,237,Staff of Curing II
238,244,Staff Damh's
245,251,Staff of Devotion
252,258,Staff Dionysus's
259,266,Staff of Disjoining
267,273,Staff of Dispelling
274,280,Staff of Displacement
281,287,Staff of Divergence
288,294,Staff Diviner of Life
295,301,Staff Dolmar's of Withering
302,309,Staff Druid
310,316,Staff of the Druids
317,325,Staff of an Element
326,332,Staff of the Elements:Earth
333,338,Staff of the Elements: Air
339,345,Staff of the Elements: Fire
346,352,Staff of the Elements: Water
353,360,Staff of Ethereal Action
361,373,Staff of the Fates
374,381,Staff Fiend
382,388,Staff of Flames
389,395,Staff Fraz-Urb-Iuu's
396,402,Staff of Fury
403,409,Staff Geb's Quarterstaff
410,417,Staff of Glyphs
418,424,Staff of Gnatmarsh
425,431,Staff of Harming
432,438,Staff of Healing
439,445,Staff of Hornwood
446,452,Staff Idun's
453,460,Staff Ixtilton's
461,467,Staff Jizo
468,474,Staff of Kitsyrraal
475,481,Staff Kuan Yin's Quarterstaff
482,488,Staff K'uci Hsing's
489,495,Staff K'ung Fu-tzu's
496,502,Staff Kura Okami's
503,509,Staff Ky Trencha Ukang
510,517,Staff Lao Tzu's
518,524,Staff of the Magi
525,532,Staff Magical Quarterstaff
533,539,Staff of Magius
540,546,Staff of Magius II
547,553,Staff of the Magus
554,560,Staff Meriadar's Quarterstaff
561,568,Staff of Miracles
569,575,Staff Mirandos's of Insect Command
576,582,Staff of Mishakal
583,589,Staff of Mishakal II
590,596,Staff Monkey's
597,603,Staff of the Moonglow
604,611,Staff of the Necromancer
612,618,Staff of Night
619,625,Staff of the Ninja
626,632,Staff Oberon's
633,639,Staff of Oceans
640,647,Staff O-Kuni-Nushi's
648,654,Staff of Osiris
655,661,Staff Osmal's of the Woodlands
662,668,Staff Panzuriel's Quarterstaff
669,675,Staff Pharaoh's Ruling
676,683,Staff of Power
684,690,Staff of the Priest Kings
691,697,Quirks*@
698,704,Staff of Raket
705,711,Staff Ranike
712,719,Staff of Recording
720,726,Staff Reptilla's of the Serpent
727,733,Staff Rheddrian's
734,740,Staff Rilantaver's
741,747,Staff Rohalan
748,754,Staff of the Sands
755,762,Staff of Savona
763,769,Staff of Scrivening
770,776,Staff of the Sea
777,783,Staff of the Serpent
784,790,Staff Shang-ti's
791,798,Staff Lesser of Shock
799,805,Staff Greater of Shock
806,812,Staff Shou Hsing's Walking Stick
813,819,Staff of Silence
820,826,Staff of Skulls
827,834,Staff Skull-Staff of Hepmonaland
835,841,Staff of Slinging
842,848,Staff Snake
849,855,Staff Snake II
856,862,Staff of Spell Focusing
863,869,Staff of Spheres
870,877,Staff-Mace
878,884,Staff-Spear
885,891,Staff of Striking
892,898,Staff of Striking and Curing
899,905,Staff of Stunning
906,913,Staff of Surprises
914,920,Staff of Swarming Insects
921,927,Staff Thoth's
928,934,Staff of Thunder & Lightning
935,941,Staff Ushas's
942,949,Staff of Vision
950,956,Staff War of Nyrond
957,963,Staff of the White Well
964,970,Staff of the Winds
971,977,Staff of Withering
978,985,Staff of Wizardry
986,992,Staff of the Woodlands
993,1000,Staff of the Wyrm
