Roll (Low),Roll (High),Item Discovered
1,20,Enchanted Enhancements*#
21,40,**Apparatus of Spikey Owns**
41,61,**Ardraken’s Refresh. Simulacrum**
62,81,**Armband of Music**
82,102,**Arrow of Sleighing**
103,122,**Awl of the Above**
123,142,**Awl Out**
143,163,**Bowling Ball**
164,183,**Barrel of Monkeys**
184,204,**Blowgun of Wild Emotions**
205,224,**Bottle of Boos**
225,244,Magical Diapers
245,265,Crib of Pushing
266,285,Blashphor’s Cradle
286,306,Blashphor’s Diapers
307,326,Blashphor’s Nursery
327,346,**Brassier of Defense**
347,367,**Batting Cage**
368,387,**Handkerchief of Flirting**
388,408,**Holy Terror Hockey Stick**
409,428,**Hoop of the Roller Hoopers**
429,448,**Liar of Building**
449,469,Magical Markers
470,489,Magnificent Mattress
490,510,Marvelous Marble
511,530,Masculine Macho-Musk
531,550,Masterful Muffler
551,571,Miraculous Mistmaker
572,591,Mud Masque
592,612,Multiplanar Mushroom
613,632,Munificent Match
633,652,Musical Menagerie
653,673,Mysterious Mug
674,693,Mystic Mustard
694,714,Mythic Muskmelon
715,734,**Omelet of the Planes**
735,754,**Minionions of Set**
755,775,**Ring of Spell “Turning”**
776,795,**Robe of Blending II**
796,816,**Robe of Blending**
817,836,**Rod of Cancellation**
837,856,**Hill Seed**
857,877,**Mountain Seed**
878,897,**Skates of the Roller Hoopers**
898,918,**Staff of Striking II**
919,938,**Sweatsuit**
939,958,**Sword of Babette Maelstrom**
959,979,**Sword of Underwear Snatching**
980,1000,**Yo-Yo of Fate**
