Roll From,Roll To,Item Discovered
1,8,Enchanted Enhancements*#
9,17,Wand Almen's of Illumination
18,25,Wand of Animal Location
26,34,Wand of Animation
35,42,Wand Anything
43,51,Wand of Arc Lightning
52,60,Wand of Armory
61,68,Wand of Armory II
69,76,Wand of Banishment
77,85,Wand of Beauty and Ugliness
86,93,Wand Bisselette of Peace
94,102,Wand Bonewand
103,111,Wand Buckler
112,119,Wand of Burdening
120,128,Wand of Cluny
129,136,Wand of Cold
137,145,Wand of Color
146,153,Wand of Conjuration
154,162,Wand of Continual Light
163,170,Wand of Corridors
171,179,Wand Dalamar's of Lightning
180,187,Wand Dark of the Sulhaut Mountains
188,196,Wand of Darkness
197,204,Wand of Death
205,213,Wand of Defoliation
214,222,Wand of Displacement
223,230,Wand of Earth and Stone
231,239,Wand of Element Transmogrification
240,247,Wand of Enemy Detection
248,256,Wand of Eyes
257,264,Wand of Fear
265,273,Wand of Feathers
274,281,Wand Fire of Suloise
282,290,Wand of Fire
291,298,Wand of Fireballs
299,307,Wand of Fireballs II
308,315,Wand of Flame Extinguishing
316,324,Wand of Fog
325,333,Wand of Fog Control
334,341,Wand of Force
342,350,Wand of Freshness
351,358,Wand of Frost
359,367,Wand Gremlin
368,375,Wand of Hammerblows
376,384,Wand of Highfolk
385,392,Wand of Ice Storms
393,401,Wand of Illumination
402,409,Wand of Illusion
410,418,Wand Iron
419,427,Wand Karelia's of Illusion
428,435,Wand of Knock
436,444,Wand of Light
445,452,Wand of Lightening
453,461,Wand of Lightning
462,469,Wand of Lightning Bolts
470,478,Wand of Lightning Bolts II
479,486,Wand Lightwand with Ring
487,495,Wand Lightwand without Ring
496,503,Wand of Lloth
504,512,Wand Mace/Wand of Lightning
513,520,Wand of Magic Detection
521,529,Wand of Magical Mirrors
530,538,Wand of Magic Missiles
539,546,Wand Meriadar's of Size Alteration
547,555,Wand of Metal Command
556,563,Wand of Metal Detection
564,572,Wand of Metal and Mineral Detection
573,580,Wand Mirynda's of Polymorphing
581,589,Wand of Misplaced Objects
590,597,Wand Mistletoe
598,606,Wand Mystic
607,614,Wand Nabil's of Magic Missiles
615,623,Wand of Negation
624,631,Wand Nidus' of Endless Repetition
632,640,Wand of Obliteration
641,649,Wand of Ochalor's Eye
650,657,Wand Odin's Rune
658,665,Wand of Orcus
666,674,Wand Orgel's of Earth Passage
675,683,Wand of Paralyzation
684,691,Wand Phandore's of Fire
692,700,Wand of Polymorphing
701,708,Wand of Portraiture
709,717,Wand of Prime Material Pocket
718,725,Wand of Revealing
726,734,Wand Robin Goodfellow's
735,742,Wand Runestick
743,751,Wand Rust
752,760,Wand of Salt
761,768,Wand Sathallarin's of Wonder
769,777,Wand Scant of Storms
778,785,Wand of Secret Door Detection
786,794,Wand of Secret Door & Trap Detection
795,802,Wand of Secret Door and Trap Location
803,811,Wand of Size Alteration
812,819,Wand of Sleep
820,828,Wand of the Squid
829,836,Wand of Steam and Vapor
837,845,Wand of the Sun
846,854,Wand of Teeth
855,862,Wand Thithion's of Fire
863,871,Wand Titania's
872,879,Wand of Trap Detection
880,888,Wand of the Underdark
889,896,Wand of Viscid Globs
897,905,Wand of Warding
906,913,Wand of Water-Finding
914,922,Wand of Whips
923,930,Wand Witch
931,939,Wand of Wonder
940,947,Wand of Wonder II
948,956,Wand of Wonder III
957,965,Wand of Wonder IV
966,973,Wand of Wonder V (Alternate)
974,982,Wand of a Wonder
983,990,Wand of Wondrousness
991,1000,Wand Yatil of Zooming
