Roll (Low),Roll (High),Item Discovered
1,5,Enchanted Enhancements*#
6,11,Belt Arcane
12,17,Belt Black Elk Clan Ceremonial
18,23,Belt Blue Elk Clan Ceremonial
24,29,Belt Golden Elk Clan Ceremonial
30,34,Belt Green Elk Clan Ceremonial
35,40,Belt Red Elk Clan Ceremonial
41,46,Belt White Elk Clan Ceremonial
47,52,Belt of Goblinoid Protection
53,58,Belt Golden Serpent
59,63,Belt Lemmikainen's
64,69,Belt Meginjarder
70,75,Belt Serpe's of Swimming
76,81,Belt Serpent
82,87,Belt Snake
88,92,Belt Udo's of Flying
93,98,Belt Vainamoinen's
99,104,Belt Zoster of Zeal
105,110,Belt Zoster of Zoophobia
111,116,Buckle of Armor
117,122,Buckle of Faulty Lockpicks
123,127,Buckle of Lockpicks
128,133,Buckle of Opening
134,139,Buckle of Protection
140,145,Buckle of Weaponry
146,151,Cap of the Beguiler
152,156,Cap Cursed School
157,162,Cap Dream of Veluna
163,168,Cap of Evil
169,174,Cap Healing of Veluna
175,180,Cap Nightcap of Sleep
181,185,Cap Nightcap of Vision
186,191,Cap School
192,197,Cap of Sleep
198,203,Cap of Teleportation
204,209,Cap of Vision
210,214,Circlet of the Adder
215,220,Circlet Coronet of Communication
221,226,Circlet Dalvan's
227,232,Circlet Diadem of Disenchantment
233,238,Circlet Diadem of Doom
239,244,Circlet Golden
245,249,Circlet Golden of Greyhawk
250,255,Circlet of Psionic Enhancement
256,261,Circlet of Underwater Speech
262,267,Circlet of the Wyrm
268,273,**Circlet Cowl of Warding**
274,278,Girdle of Back Defense
279,284,Girdle of Dwarvenkind
285,290,Girdle of Femininity/Masculinity
291,296,Girdle of Freshness
297,302,Girdle of Gender Alteration
303,307,Girdle of Giant Strength
308,313,Girdle Golden of Urnst
314,319,Girdle Kerisis's of Femininity
320,325,Girdle of the Lions
326,331,Girdle of Many Pouches
332,336,Girdle of Priestly Might
337,342,Hat of Command
343,348,Hat Conical
349,354,Hat Cyclocone
355,360,Hat of Difference
361,366,Hat of Disguise
367,371,Hat of Disguise II
372,377,Hat of Disguise III
378,383,Hat Fez of Disguise
384,389,Hat of Fools
390,395,Hat Gnaash's of Stupidity
396,400,Hat of Hairiness
401,406,Hat of Hairlessness
407,412,Hat of Headlessness
413,418,Hat of Holding
419,424,Hat of Imprisonment
425,429,Hat of Occupation
430,435,Hat of Stupidity
436,441,Headband of the Corusk Mountains
442,447,Headband of the Jotens
448,453,**Headband Headdress of Peaceful Contact**
454,458,Helmet of Alignment Change
459,464,Helmet Athena's
465,470,Helmet of Blonding
471,476,Helmet of Brilliance
477,482,Helmet of Cirulon
483,488,Helmet of Comprehending Languages
489,493,Helmet of Creation
494,499,Helmet of Darkness
500,505,Helmet of Disguises
506,511,Helmet of Dragons
512,517,Helmet Dragonhelm
518,522,Helmet Enili's
523,528,Helmet Golo's of Telepathy
529,534,Helmet Griffon Mane
535,540,Helmet Harrowhelm
541,546,Helmet of the Insect
547,551,Helmet Joukahainen's Golden
552,557,Helmet of Liaison
558,563,Helmet of Light Seeing
564,569,Helmet of Opposite Alignment
570,575,Helmet of Reading
576,581,Helmet of Seabreathing
582,586,Helmet of Underwater Action
587,592,Helmet of Selnior
593,598,Helmet of Sensory Protection
599,604,Helmet Shukenja
605,610,Helmet Skull of Death
611,615,Helmet of Subterranean Sagacity
616,621,Helmet of Telepathy
622,627,Helmet of Teleportation
628,633,Helmet of Underwater Action
634,639,Helmet of Underwater Vision
640,644,Helmet of Valor
645,650,Helmet of Waterdeep
651,656,Helmet of 40 Watt Brilliance
657,662,Helmet of Weaponry
663,668,Helmet Wyrmhelm
669,673,**Helmet Hood of Servitude**
674,679,Mask Air
680,685,Mask of Attractiveness
686,691,Mask of Combat
692,697,Mask of Comedy
698,703,Mask Death
704,708,Mask Death of Ptah
709,714,Mask of Disguise
715,720,Mask of Disguise II
721,726,Mask Faceless
727,732,Mask Fanged
733,737,Mask Greenmask with Eyes of Charming
738,743,Mask Greenmask with Eyes of the Eagle
744,749,Mask Greenmask with Gaze Reflection
750,755,Mask Normal Greenmask
756,761,Mask Horned
762,766,Mask of Jealousy
767,772,Mask Johydee's
773,778,Mask of Knowledge
779,784,Mask Kyrie's of Disguise
785,790,Mask of Light
791,795,Mask of Lycanthus
796,801,Mask Magemask
802,807,Mask of Magic
808,813,Mask Magical
814,819,Mask of Memory
820,825,Mask Mirror
826,830,Mask Monster
831,836,Mask of Night
837,842,Mask of Protection
843,848,Mask of Scowling
849,854,Mask of Silence
855,859,Mask of Silence II
860,865,Mask Skull
866,871,Mask Skull II
872,877,Mask of Smiling
878,883,Mask Spirit
884,888,Mask of Stealth
889,894,Mask of Stealth II
895,900,Mask of Tragedy
901,906,Mask of Trickery
907,912,Mask of Twilight
913,917,Mask Veil
918,923,Mask of Winds
924,929,Mask of Winds II
930,935,Mask Winged
936,941,Mask Winged II
942,947,Mask of the Wraith
948,952,Sash of Fire Resistance
953,958,Sash of Heat Endurance
959,964,Sash of Immolation
965,970,Sash Shimmering
971,976,**Sash Scarf of the Dry Steppes**
977,981,Turban Feather
982,987,Turban of Multiplication
988,993,Turban of Silence
994,1000,Turban of Tusmit
