Roll (Low),Roll (High),Item Discovered
1,1,Enchanted Enhancements*#
2,3,Amulet of the Abyss
4,5,Amulet Against ESP & Crystal Balls
6,7,Amulet Against Disease
8,9,Amulet of Amiability
10,11,Amulet of Arachnid Control
12,13,Amulet Silver of the Beast
14,15,Amulet Ivory of the Beast
16,17,Amulet of the Cairn Hills
18,19,Amulet Cartographer's
20,21,Amulet of Caterpillar Control
22,23,Amulet of Charm Resistance
24,25,Amulet of Charming
26,27,Amulet of Cheetah Speed
28,29,Amulet of Communication
30,31,Amulet of Dragon Warding
32,33,Amulet of Dramatic Death
34,35,Amulet Draskilion's of Life
36,37,Amulet of Elemental Command
38,39,Amulet of Emotions
40,41,Amulet of Extension
42,43,Amulet of Far Reaching
44,45,Amulet Fiend
46,47,Amulet of Finding
48,49,Amulet Furyondy's
50,50,Amulet of the Golden Collar
51,52,Amulet Greenstone
53,54,Amulet Hands of the Healing Spirit
55,56,Amulet Hardwater
57,58,Amulet Health
59,60,Amulet Cursed Health
61,62,Amulet of the Hero
63,64,Amulet of Holy Turning
65,66,Amulet of Hunting
67,68,Amulet Cursed of Hunting
69,70,Amulet of Immunity to Charm
71,72,Amulet of Inescapable Location
73,74,Amulet of Insect Repellency
75,76,Amulet Kaleen's Undead Stone
77,78,Amulet of Lathander
79,80,Amulet of Leadership
81,82,Amulet of Life Protection
83,84,Amulet of Magic Resistance
85,86,Amulet of Metaspell Influence
87,88,Amulet of Neutrality
89,90,Amulet Noseeum
91,92,Amulet Orcish
93,94,Amulet Cursed Orcish
95,96,Amulet Palm Sign
97,98,Amulet of the Papyrus Scepter
99,101,Amulet of Perpetual Youth and Inexperience
102,103,Amulet Phelthong's
104,105,Amulet of the Planes
106,107,Amulet of Power
108,109,Amulet of Proof vs. Detection and Location
110,111,Amulet of Protection
112,113,Amulet of Protection vs. Alignment Change
114,115,Amulet of Protection vs. Crystal Balls
116,117,Amulet of Protection from Good
118,119,Amulet of Protection from Sleep
120,121,Amulet of Protection from Turning
122,123,Amulet of Psionic Interference
124,125,Amulet of Psionic Reflection
126,127,Amulet of Psychic Protection
128,129,Amulet of Recall
130,131,Amulet Shakti
132,133,Amulet Shell of Protection from Sharks
134,135,Amulet Shield
136,137,Amulet of Sleeplessness
138,139,Amulet of Spinecastle
140,141,Amulet of the Spirit
142,143,Amulet Thet of Ptah
144,145,Amulet of Timekeeping
146,147,Amulet of Transformation
148,148,Amulet Two Fingers
149,150,Amulet of Undersea Friendship
151,152,Amulet of Vadarin
153,154,Amulet Vulture
155,156,Amulet of Weakening
157,158,Ankh of Life
159,160,Ankh Nithian (Ixion)
161,162,Ankh Nithian (Kagyar)
163,164,Ankh Nithian (Pflarr)
165,166,Ankh Nithian (Rathanos)
167,168,Ankh Nithian (Valerias)
169,170,Ankh of Power
171,172,Ankh Ra's
173,174,Ankh True
175,176,Badge of Freedom
177,178,Badge of Monster Control
179,180,Bracelet of Charms
181,182,Bracelet Copper
183,184,Bracelet Dalamar's
185,186,Bracelet Equus
187,188,Bracelet of Hog-Tying
189,190,Bracelet Ivy
191,192,Bracelet Medegian of Lost Ships
193,194,Bracelet Ivy of Scaly Command
195,196,Bracelet Ivy of Wishes
197,197,Brooch Abbor Alz's of Warning
198,199,Brooch of Begoing
200,201,Brooch of Bones
202,203,Brooch Equus
204,205,Brooch of Falling
206,207,Brooch of Imog
208,209,Brooch of Imog II
210,211,Brooch Lunar
212,213,Brooch of Number Numbing
214,215,Brooch of Obsidian Shattering
216,217,Brooch Pin of Communication
218,219,Brooch of Shielding
220,221,Cameo of Appearance
222,223,Cameo Equus
224,225,Charm of Incompetence
226,227,Charm of Boot Restoration
228,229,Charm of Distraction
230,231,Charm of Favor
232,233,Charm of Hunting
234,235,Charm Luck
236,237,Charm of Open Doors
238,239,Charm of Pest Protection
240,241,Charm of Protection from Disease
242,243,Charm of Protection from Fire
244,245,Charm of Protection from Spirits
246,246,Charm of Protection from Theft
247,248,Charm Rabbit's Foot
249,250,Charm of Resource
251,252,Charm of Sympathetic Heating
253,254,Charm Tree Climbing
255,256,Charm Wolfspaw
257,258,Crown Black of Aerdy
259,260,Crown of Blackmoor
261,262,Crown of Corruption
263,264,Crown Dark
265,266,Crown Emperor's
267,268,Crown Hooded
269,270,Crown of Imperium
271,272,Crown Iron of the Bandit Kingdom
273,274,Crown of Leadership
275,276,Crown Normal Naga
277,278,Crown Altering Naga
279,280,Crown Teleporting Naga
281,282,Crown of Rulership
283,284,Crown Scorpion
285,286,Crown Silver of Veluna
287,288,Crown Sorona
289,290,Crown of Souls
291,292,Crown of Souls II
293,294,Crown of Stars
295,296,Crown of the Stars
297,298,Crown of Summation
299,300,Crown of the Unicorns
301,301,Crown Velvet
302,303,Crown of the Void
304,305,Crown of Yarus
306,307,Crystal Abelaat
308,309,Crystal of Awareness
310,311,Crystal of Death Scrying
312,313,Crystal of the Ebon Flame
314,315,Crystal Phasing
316,317,Crystal Signaling
318,319,Earring of Alignment Detection
320,321,Earring of Burrowing
322,323,Earring of Defense
324,325,Earring Equus
326,327,Earring of Paralysis
328,329,Earring of Protection
330,331,Earring of the Sea
332,333,Earring of Seamanship
334,335,Earring of Understanding
336,337,**Earring Eidolon of Khalk'Ru**
338,339,Eye of Accuracy
340,341,Eye of Arik
342,343,Eye Assassin's
344,344,Eye Beady
345,346,Eye Black Opal
347,348,Eye Black Opal II
349,350,Eye of Cegilune's Hag
351,352,Eye of Charming
353,354,Eye of Donoagi
355,356,Eye Dragon's
357,358,Eye of the Eagle
359,360,Eye of the Immortals
361,362,Eye of Infravision
363,364,Eye of Leviathan
365,366,Eye of the Leviathan
367,368,Eye Magical
369,370,Eye Mellifleur's Left Gem
371,372,Eye Mellifleur's Right Gem
373,374,Eye of Minute Seeing
375,376,Eye of Night
377,378,Gem of Petrification
379,380,Gem of Traldar
381,382,Gem of Vecna
383,384,Gem Winking
385,386,Gem of Arcanist
387,388,Gem of Arcanist II
389,390,Gem of Arcanist III
391,392,Gem of Enhanced Vision
393,393,Gem of Sight
394,395,Gem of True Seeing
396,397,**Eyepatch of Tenh**
398,399,Gem of Atonement
400,401,Gem Bimbomushi
402,403,Gem of Brightness
404,405,Gem Bupu's Emerald
406,407,Gem Blue Cindergem
408,409,Gem Green Cindergem
410,411,Gem Indigo Cindergem
412,413,Gem Orange Cindergem
414,415,Gem Violet Cindergem
416,417,Gem Yellow Cindergem
418,419,Gem of Curing
420,421,Gem of Delusion
422,423,Gem Clear of Detection
424,425,Gem Deep Red of Detection
426,427,Gem Pale Blue of Detection
428,429,Gem Pale Lavender of Detection
430,431,Gem Pearly White of Detection
432,433,Gem Pink and Green of Detection
434,437,Gem Pink of Detection
438,439,Gem Scarlet and Blue of Detection
440,441,Gem Vibrant Purple Prism of Detection
442,442,Gem of Drusion
443,444,Gem of Elvenstar
445,445,Gem of Fire
446,446,Gem of Foresight
447,448,Gem Gamalon's of Infravision
449,449,Gem of Ideas
450,451,Gem of Income
452,453,Gem of Insight
454,454,Gem Ionian Master
455,455,Gem Ionian Normal
456,457,Gem Jewel of Attacks
458,459,Gem Jewel of Attacks Upon the Owner
460,461,Gem Jewel of Flawlessness
462,463,Gem Jewel of Neverwinter
464,465,Gem Jewel of Obsession
466,467,Gem Karathoth's Jewel
468,468,Gem Karma
469,470,Gem of Life
471,472,Gem of Magic Missile Protection
473,474,Gem of Musing
475,476,Gem Nightjewel
477,478,Gem Opal of Olfactory Illusion
479,480,Gem of Protection
481,482,Gem Purple of the Vesve Forest
483,484,Gem of Retaliation
485,486,Gem of Returning
487,488,Gem of Scroll Reading
489,490,Gem of Secret Seeing
491,492,Gem of Shielding
493,493,Gem Soul
494,495,Gem Khan-Pelar Star
496,497,Gem Mo-Pelar Star
498,499,Gem Shan-Pelar Star
500,501,Gem of Wishes
502,503,Glass Enlarging
504,505,Glass of Distant Vision
506,507,Glass Joal's of Preserved Words
508,509,Glass Loupe of Cormac
510,511,Glass of Preserved Words
512,513,Goggles Joal's of Preserved Words
514,515,Goggles Loupe of Cormac
516,517,Goggles of Preserved Words
518,519,Goggles of Underwater Sight
520,521,Goggles Troppenribb's
522,523,Heart Beating
524,525,Heart Chicken
526,527,Heart of Hearing
528,529,Heart Iron
530,531,Heart of Kazgaroth
532,533,Heart Lion
534,535,Heart Royal
536,537,Heart Shekinester's Crystalline
538,539,Heart of Stone
540,540,Holy Symbol of Greyhawk
541,542,Holy Symbol Larmacian
543,544,Holy Symbol Celestian's
545,546,Holy Symbol Fharlanghn's
547,548,Holy Symbol Lathander's
549,550,Holy Symbol Paladine's
551,552,Holy Symbol Silvanus's
553,554,Holy Symbol of Ravenkind
555,556,Holy Symbol of Ravenkind II
557,558,Icon of Chemosh
559,560,Icon of the Raven
561,562,Icon of Truth
563,564,Icon of Truth II
565,566,**Iron Pin of the Icy Sea**
567,568,**Jacinth of Inestimable Beauty**
569,570,**Kura the Darkness**
571,572,Leaf Book
573,574,Leaf of Colors
575,576,Leaf of Crumbling
577,578,Leaf Enchanted
579,580,Leaf of Convik Tree
581,582,Leaf of His Tree
583,584,Leaf of Kemis Tree
585,586,Leaf of Mis Tree
587,588,Leaf of Pajon Tree
589,589,Leaf of Falling
590,591,Leaf New
592,592,Leaf of Warmth
593,593,Lens of Activity Detection
594,595,Lens of Blinding
596,597,Lens of Charming
598,599,Lens of Detection
600,601,Lens of the Eagle
602,603,Lens Eye of the Eagle
604,605,Lens Evelyn's of Speedreading
606,607,Lens of Far Seeing
608,609,Lens of Lighting
610,611,Lens of Minute Seeing
612,613,Lens of Petrification
614,615,Lens of Petrification II
616,617,Lens of Reflection
618,619,Lens of Remote Viewing
620,621,Lens of Seeing
622,623,Lens of Speed Reading
624,625,Lens of Subtitles
626,627,Lens of Transformation
628,629,Lens of Ultravision
630,631,Lens of Valuation
632,633,Locket of the Great Kingdom
634,635,Locket of Love
636,637,Locket of Natasha
638,638,Medallion of the Arctic
639,640,Medallion of Defense
641,642,Medallion of Empathy
643,644,Medallion Equus
645,646,Medallion of ESP
647,648,Medallion of EST
649,650,Medallion of Faith
651,652,Medallion of Fire
653,654,Medallion Holy of Almor
655,656,Medallion Locke's of Thought Projection
657,658,Medallion of Malog
659,660,Medallion of the Mirror
661,662,Medallion of Missile Attraction
663,664,Medallion Pax's of Spell Exchange
665,666,Medallion of Projection
667,668,Medallion Soulsearcher
669,670,Medallion Soulsearcher II
671,672,Medallion Species Enemy
673,674,Medallion of Spell Exchange
675,676,Medallion Star of Celene
677,678,Medallion of Steadiness
679,680,Medallion of Thought Projection
681,682,Medallion of Time
683,684,Medallion Tusmit's Battle Crescent
685,686,**Medicine Bundle**
687,687,Monocle Fire-Eye
688,689,Monocle of Magic
690,691,Necklace of Adaptation
692,693,Necklace of Air Breathing
694,695,Necklace of Almor
696,697,Necklace of Alteration
698,699,Necklace of Bad Taste
700,701,Necklace Cosette's
702,703,Necklace of Elegance
704,705,Necklace Frigga's Black Opal
706,707,Necklace Glittering
708,709,Necklace of Greed
710,711,Necklace of Harmonia
712,713,Necklace of Lilith
714,715,Necklace Marv's of Memory Displacement
716,717,Necklace of Memory Enhancement
718,719,Necklace of Missiles
720,721,Necklace of Mystic Eidolons
722,723,Necklace of Night Seeing
724,725,Necklace Noj's of Not-so-Smart Missiles
726,727,Necklace of Petrification
728,729,Necklace of Prayer Beads
730,731,Necklace of Protection +1
732,733,Necklace of Protection +2
734,735,Necklace of Protection Against Charm
736,736,Necklace Snake
737,738,Necklace of Strangling
739,740,Necklace of Strangulation
741,742,Necklace Syranita's Opal
743,744,Necklace of Ugliness
745,746,Necklace Vergadain's
747,748,Necklace of Water Breathing
749,750,Pearl Black
751,752,Pearl Dragon
753,754,Pearl of the Ebbing Tide
755,756,Pearl of Entrancement
757,758,Pearl of Flying
759,760,Pearl Giant Black
761,762,Pearl Gold
763,764,Pearl Kathena's of Wisdom
765,766,Pearl of Power
767,768,Pearl of Power II
769,770,Pearl of Protection from Fire
771,772,Pearl Red
773,774,Pearl of the Rising Tide
775,776,Pearl Serpent Spirit
777,778,Pearl of the Sirines
779,780,Pearl Storm Rider's
781,782,Pearl Traveler's
783,784,Pearl of Ultimate Wisdom
785,785,Pearl of Wisdom
786,787,Pearl Cursed of Wisdom
788,789,Pendant Equus
790,791,Pendant Rahasia's
792,793,Periapt of Foul Rotting
794,795,Periapt of Health
796,797,Periapt of Proof Against Poison
798,799,Periapt of Proof Against Sound
800,801,Periapt of Prophecy Protection
802,803,Periapt Protection vs. Vampiric Ixitxachitl
804,805,Periapt of Wound Closure
806,807,Phylactery of Bravery
808,809,Phylactery of Faithfulness
810,811,Phylactery Haroistem's of Faithfulness
812,813,Phylactery of Long Years
814,815,Phylactery of Monstrous Attention
816,817,Phylactery of Righteousness
818,819,Prism of Distraction
820,821,Prism of Greyhawk
822,823,Prism of Kushk
824,825,Prism of Light Splitting
826,827,Prism Sim's of Light Splitting
828,829,**Psychometron of Nerad**
830,831,Scarab Benson's of Uncertain Friendship
832,833,Scarab of Death
834,835,Scarab of Deception
836,837,Scarab of Enraging Enemies
838,838,Scarab Equus
839,840,Scarab of Golem Protection
841,842,Scarab of Insanity
843,844,Scarab of Life
845,846,Scarab Mark's of Protection
847,848,Scarab Marzikoth's of Death
849,850,Scarab Mortos's Golem
851,852,Scarab of Protection
853,854,Scarab of Protection II
855,856,Scarab Cursed of Protection II
857,858,Scarab of Uncertainty
859,860,Scarab of Venom
861,862,Scepter Blast
863,864,Scepter of Defense
865,866,Scepter of Entrapment
867,868,Scepter of the Forgotten City
869,870,Scepter Jade of Defending
871,872,Scepter Jade of Defending II
873,874,Scepter of Life
875,876,Scepter of Light
877,878,Scepter Plague
879,880,Scepter of Power
881,882,Scepter of Truth
883,883,Scope of Celestial Analysis
884,885,Scope Red Air Quality Lens
886,887,Scope Yellow Ambient Temperature Lens
888,889,Scope Blue Sentient Life Lens
890,891,Scope of Seeing
892,893,**Shard of Shielding**
894,895,**Spyglass**
896,897,**Star of the Bright Desert**
898,899,Talisman Badger Beast
900,901,Talisman Brown Bear Beast
902,903,Talisman Deer Beast
904,905,Talisman Eagle Beast
906,907,Talisman Lynx Beast
908,909,Talisman Porcupine Beast
910,911,Talisman Skunk Beast
912,913,Talisman Wolf Beast
914,915,Talisman of the Beast
916,917,Talisman of Chaos Supreme
918,919,Talisman of the Chimera
920,921,Talisman of the Cockatrice
922,923,Talisman of Dreams
924,925,Talisman of Elemental Travel
926,927,Talisman of the Faerie
928,929,Talisman Fiend
930,931,Talisman Fiend II
932,932,Talisman Fire Pepper
933,934,Talisman of the Amber Golem
935,936,Talisman of the Bone Golem
937,938,Talisman of the Bronze Golem
939,940,Talisman of the Obsidian Golem
941,942,Talisman of the Wood Golem
943,944,Talisman of the Griffon
945,946,Talisman Hwasta's of Memorization
947,948,Talisman of Lawfulness
949,950,Talisman Medicine Bundle
951,952,Talisman of Memorization
953,954,Talisman Mire
955,956,Talisman Modified of Zagy
957,958,Talisman Monkey Head
959,960,Talisman of Orcus
961,962,Talisman of Pure Good
963,964,Talisman of Rahasia
965,966,Talisman Sacred Bundle
967,968,Talisman of the Sphere
969,970,Talisman of the Crystal Statue
971,972,Talisman of the Iron Statue
973,974,Talisman of the Rock Statue
975,976,Talisman of Tongues
977,978,Talisman of Ultimate Evil
979,980,Talisman of Zagy
981,981,Torcs Belenus's
982,983,Torcs of Craftsmanship
984,985,Torcs of the Goddess
986,987,Torcs of the Gods
988,989,Torcs of the Gods II
990,991,Torcs of the Gods III
992,993,Torcs of the Gods at the Tor
994,995,Torcs of Stability
996,1000,**Vainamoinen's Tear**
