Roll (Low),Roll (High),Item Discovered
1,2,Enchanted Enhancements*#
3,4,Air Spore
5,6,Air Spore Chandrasakar's
7,9,Apple of Bragi
10,11,Apple of Chaos
12,13,Bead of Accuracy
14,16,Bead Eye
17,18,Bead of Dew
19,20,Bead of Force
21,22,Bead Glass
23,25,Bead of Oblivion
26,27,Bead Pearl
28,29,Bead of Atonement
30,32,Bead of Damnation
33,34,Bead of Hindrance
35,36,Bead of Karma
37,38,Bead of Response
39,41,Bead of Succor
42,43,Bead of Prayer II
44,45,**Bean of Ooze Slime and Jelly**
46,48,Berry Fireberries
49,50,Berry Magical
51,52,Bones of Animation
53,54,Bones of Bruising
55,57,Bones Clapper
58,59,Bones Hatchling Dragon
60,61,Bones Very Young Dragon
62,64,Bones Young Dragon
65,66,Bones Juvenile Dragon
67,68,Bones Young Adult Dragon
69,70,Bones Adult Dragon
71,73,Bones Mature Adult Dragon
74,75,Bones Old Dragon
76,77,Bones Very Old Dragon
78,80,Bones Venerable Dragon
81,82,Bones Wyrm Dragon
83,84,Bones Great Wyrm Dragon
85,87,Bones of Slaying
88,89,Bones of Turning
90,91,**Buttercup's Bouquet**
92,93,Candles Black
94,96,Candles Blinking
97,98,Candles Blue
99,100,Candles of Brilliance
101,103,Candles of Charming
104,105,Candles Convocation
106,107,Candles Darkness
108,109,Candles Defense
110,112,Candles Disruption
113,114,Candles Divination
115,116,Candles of Everburning
117,119,Candles of Flame
120,121,Candles Exploding
122,123,Candles Fireball
124,125,Candles Flame
126,128,Candles Flame Arrow
129,130,Candles Flame Blade
131,132,Candles Gold
133,135,Candles of Invocation
136,137,Candles Methven
138,139,Candles Noora's of Propitiousness
140,141,Candles of Powerlessness
142,144,Candles of Propitiousness
145,146,Candles of Protection
147,148,Candles of Protection II
149,151,Candles Purple
152,153,Candles Pyrotechnic
154,155,Candles Red
156,158,Candles Reflection
159,160,Candles Sanctuary
161,162,Candles Shielding
163,164,Candles Smoke Detection
165,167,Candles of Stealth
168,169,Candles Survival
170,171,Candles of Transference
172,174,Candles Unfailing Light
175,176,Candles of Vapors
177,178,Candles Visibility
179,180,Candles Yellow
181,183,Cheese of Odors
184,185,Cheese of Vile Odors
186,187,**Cheese Coal of Warmth**
188,190,Dust of Absorption
191,192,Dust of Answering
193,194,Dust Allergy
195,196,Dust of Appearance
197,198,Dust of Blindness
199,201,Dust of Brightness
202,203,Dust of Blending
204,206,Dust Decoy
207,208,Dust of Disappearance
209,210,Dust of Dryness
211,212,Dust of Dullness
213,215,Dust Feather
216,217,Dust Fertilization
218,219,Dust Fodder
220,222,Dust of Forgetfulness
223,224,Dust Green Sleeping
225,226,Dust of Illusion
227,229,Dust Leech
230,231,Dust Malto's of Mind Dulling
232,233,Dust of Mind Dulling
234,235,Dust of Opposition
236,238,Dust Paralyzation
239,240,Dust Revealing
241,242,Dust Rust
243,245,Dust of Sleeping
246,247,Dust Sleep
248,249,Dust Small Bird Repulsion Dust
250,251,Dust Sneezing
252,254,Dust Sneezing II
255,256,Dust of Sneezing and Choking
257,258,Dust Sparkling
259,261,Dust of Tracelessness
262,263,Dust of Trail Dispersion
264,265,Dust Violet Dowdower's of Disappearance
266,267,Eggs Antimagic
268,270,Eggs Apprentice's
271,272,Eggs Black
273,274,Eggs Cloudkill
275,277,Eggs of Desire (Black)
278,279,Eggs of Desire (Bone)
280,281,Eggs of Desire (Crystal)
282,283,Eggs of Desire (Golden)
284,286,Eggs of Desire (Scarlet)
287,288,Eggs Disintegration
289,290,Eggs of Distraction
291,293,Eggs of Hatchling Dragon Breath
294,295,Eggs of Very young Dragon Breath
296,297,Eggs of Young Dragon Breath
298,299,Eggs of Juvenile Dragon Breath
300,302,Eggs of Young adult Dragon Breath
303,304,Eggs of Adult Dragon Breath
305,306,Eggs of Mature adult Dragon Breath
307,309,Eggs of Old Dragon Breath
310,311,Eggs of Very Old Dragon Breath
312,313,Eggs of Venerable Dragon Breath
314,316,Eggs of Wyrm Dragon Breath
317,318,Eggs of Great Wyrm Dragon Breath
319,320,Eggs Dreamland
321,322,Eggs Egg of Fascination
323,325,Eggs Flame
326,327,Eggs Fog Cloud
328,329,Eggs Golden
330,332,Eggs Gold of Ghastar
333,334,Eggs Obsidian of Ghastar
335,336,Eggs Gold of Ghastar
337,338,Eggs Silver of Ghastar
339,341,Eggs Gray
342,343,Eggs Guardian
344,345,Eggs Hard-Boiled
346,348,Eggs Imprisonment
349,350,Eggs Incubatum
351,352,Eggs Khenel's Philosopher's
353,354,Eggs Mishakal's Token
355,357,Eggs Malificator
358,359,Eggs Philosopher's
360,361,Eggs of the Phoenix 1
362,364,Eggs Pink
365,366,Eggs of Reason
367,368,Eggs Rotten
369,370,Eggs of Shattering
371,373,Eggs Shell of Protection
374,375,Eggs Shell of Protection vs. Birds
376,377,Eggs Shell of Protection vs. Dragons
378,380,Eggs Shell of Protection vs. Evil
381,382,Eggs Shell of Protection vs. Fiends
383,384,Eggs Shell of Protection vs. Good
385,387,Eggs Shell of Protection vs. Humanoids
388,389,Eggs Shell of Protection vs. Humans
390,391,Eggs Shell of Protection vs. Lycanthropes
392,393,Eggs Shell of Protection vs. Planars
394,396,Eggs Shell of Protection vs. Scalekind
397,398,Eggs Shell of Protection vs. Undead
399,400,Eggs Soft Boiled
401,403,Eggs Stinging Cloud
404,405,Eggs Turquoise
406,407,Eggs of Wonder
408,409,**Eternal Peanut**
410,412,Feathers Feathertoken
413,414,Feathers Lapland
415,416,Feathers Plumalitter
417,419,Feathers Quaal's Tokens
420,421,Feathers Quaal's Mystical Token
422,423,Fingers of Commanding
424,425,Fingers of the Master Thief
426,428,Fingers Thumb of the Master Thief
429,430,** Fingernail of Rending**
431,432,**Four-Leaf Clover**
433,435,**Gas of Dreadful Sleep**
436,437,**Grains of Discomfort**
438,439,Incense of Meditation
440,441,Incense of Obsession
442,444,Incense Shahpesh's of Obsession
445,446,Ioun Stones Balian's Yellow
447,448,Ioun Stones Blue-Green Spindle
449,451,Ioun Stones Brass Lozenge
452,453,Ioun Stones Bright Silver Cylinder
454,455,Ioun Stones Bright White Rectangle
456,458,Ioun Stones Brown Rhomboid
459,460,Ioun Stones Cerulean Blue Rhomboid
461,462,Ioun Stones Clear Pink Sphere
463,464,Ioun Stones Clear Prism
465,467,Ioun Stones Clear Sphere
468,469,Ioun Stones Copper Rectangle
470,471,Ioun Stones Deep Black Sphere
472,474,Ioun Stones Deep Purple Prism
475,476,Ioun Stones Deep Red Sphere
477,478,Ioun Stones Flickering White Snowflake
479,480,Ioun Stones Gold Ellipsoid
481,483,Ioun Stones Green Sphere
484,485,Ioun Stones Incandescent Blue Sphere
486,487,Ioun Stones Light Blue Prism
488,490,Ioun Stones Maroon Star
491,492,Ioun Stones Orange Cube
493,494,Ioun Stones Pale Green Ellipsoid
495,496,Ioun Stones Pale Lavender Spindle
497,499,Ioun Stones Pale Yellow Lozenge
500,501,Ioun Stones Pearly White Prism
502,503,Ioun Stones Pink Ellipsoid
504,506,Ioun Stones Pink & Green Ellipsoid
507,508,Ioun Stones Puce Cube
509,510,Ioun Stones Pulsing Red Star
511,512,Ioun Stones Pure White Octahedron
513,515,Ioun Stones Rainbow Ellipsoid
516,517,Ioun Stones Rainbow Spindle
518,519,Ioun Stones Scarlet & Blue Sphere
520,522,Ioun Stones Silver Rod
523,524,Ioun Stones Silver Sphere
525,526,Ioun Stones Silvery Mirror Cube
527,528,Ioun Stones Soft Black Rectangle
529,531,Ioun Stones Yellow Sphere
532,533,**Kulver-Tam's Fruit of Healing**
534,535,Marbles Cat's Eye
536,538,Marbles of Cleanliness
539,540,Marbles Granite
541,542,Marbles of Quarry
543,545,Marbles Warp
546,547,Marbles Sweet Onion
548,549,Pies of Four-and-Twenty Blackbirds
550,551,Pies of Raspberries
552,554,Pies Rhubarb
555,556,**Plumastone**
557,558,Powders Absinthe
559,561,Powders African Ju Ju
562,563,Powders Allspice
564,565,Powders Allspice II
566,567,Powders Anger
568,570,Powders Anise
571,572,Powders Aphrodisia
573,574,Powders Arabian Nights
575,577,Powders Attraction
578,579,Powders Bars Blood
580,581,Powders Bendover's
582,583,Powders Bergamot's
584,586,Powders Black Arts
587,588,Powders of the Black Veil
589,590,Powders Bottom #20
591,593,Powders Bruno's Curse
594,595,Powders Buddha Type I
596,597,Powders Buddha Type II
598,599,Powders Buddha Type III
600,602,Powders Bull's
603,604,Powders Carnation
605,606,Powders Chocolate
607,609,Powders Citronella
610,611,Powders Civet
612,613,Powders Cleo May
614,616,Powders of Coagulation
617,618,Powders of Comeliness
619,620,Powders Commanding
621,622,Powders Concentration
623,625,Powders Confusion
626,627,Powders Conquering Glory
628,629,Powders Continuing
630,632,Powders Crab Apple
633,634,Powders Crossing
635,636,Powders Cumin Seed
637,638,Powders Cypress Seed
639,641,Powders Damnation
642,643,Powders Desert Erne's
644,645,Powders Doas Isay's
646,648,Powders Double Cross
649,650,Powders Dragon's Blood
651,652,Powders Dream
653,654,Powders Dypshez's of the Black Veil
655,657,Powders Elixir
658,659,Powders Enchantment
660,662,Powders Eucalyptus
663,664,Powders Eve
665,666,Powders Evil Eye
667,668,Powders Excisement
669,670,Powders Exodus
671,673,Powders Five Finger Grass
674,675,Powders Frangi Pani
676,677,Powders Galangale's
678,680,Powders Gardenia
681,682,Powders Getaway's
683,684,Powders Good Taste
685,687,Powders Grape
688,689,Powders Powder of the Hero's Heart
690,691,Powders High Conquering
692,693,Powders High John the Conqueror's
694,696,Powders Hindu Grass
697,698,Powders Honeysuckle
699,700,Powders Hypnotic
701,703,Powders Hyssop
704,705,Powders Powder of Images
706,707,Powders Jamaica
708,709,Powders Jezebel
710,712,Powders Jinx Removing
713,714,Powders Kludde
715,716,Powders Lavender
717,719,Powders Life
720,721,Powders Lily of the Valley
722,723,Powders of Magic Detection
724,725,Powders Magnolia
726,728,Powders Manpower
729,730,Powders Mercury
731,732,Powders Mojo
733,735,Powders Moon
736,737,Powders Musk
738,739,Powders Narcissus
740,741,Powders New life
742,744,Powders Nine Mystery
745,746,Powders Obeah
747,748,Powders Oak-in-Acorn
749,751,Powders of Obsession
752,753,Powders Olibanum
754,755,Powders Power
756,757,Powders Primrose
758,760,Powders Purification
761,762,Powders Puchma's of Edible Objects
763,764,Powders Purvuvok's of the Hero's Heart
765,767,Powders Quirk
768,769,Powders Reversibility
770,771,Powders Rosemary
772,774,Powders Rue
775,776,Powders Sandalwood
777,778,Powders Smoke
779,780,Powders Snake
781,783,Powders Solomon's
784,785,Powders Spikenard
786,787,Powders Spirit
788,790,Powders Time
791,792,Powders Trinity
793,794,Powders Verbena
795,796,Powders Vibration
797,799,Powders Virgin Olive
800,801,Powders Vision
802,803,Powders Voodoo
804,806,Powders Will Power
807,808,Powders Wintergreen
809,810,Powders Wishing
811,812,Powders Witch's
813,815,Powders Xyz
816,817,Powders Ylang Ylang
818,819,Powders Zodiac
820,822,Powders Zula Zula
823,824,**Puppy Putty**
825,826,**Rakasta Tea**
827,828,Rocks Death of the Darad S'tin
829,831,Rocks Kereenyaga
832,833,Rocks Pet
834,835,Roses of Eternal Slumber
836,838,Roses Wreath of Roses of Eternal Slumber
839,840,Roses Bush of Roses of Eternal Slumber
841,842,Roses of Ravenloft
843,845,Roses of Forgetfulness
846,847,**Sand of Truth**
848,849,Seeds Dragon Lily
850,851,Seeds Enchanted Cherry Pits (Brown)
852,854,Seeds Enchanted Cherry Pits (Gold)
855,856,Seeds Enchanted Cherry Pits (Red)
857,858,Seeds Fireseed
859,861,Seeds of Growth
862,863,Seeds Damage Curing
864,865,Seeds Disease Curing
866,867,Seeds Normal
868,870,Seeds Sun
871,872,Seeds Trollflower
873,874,Seeds of Wealth
875,877,Smoke of Fire Quenching
878,879,Smoke Sleep
880,881,Soaps of Abrasion
882,883,Soaps of Washing
884,886,Stones Beauregard's Beautiful Bauble
887,888, Bimbomushi
889,890, Bloodstone of Fistandantilus
891,893, Chrysolyn
894,895, of Cold Immunity
896,897, of Continual Light
898,899, of Controlling Earth Elementals
900,902, Coruskian
903,904, Cursed Well
905,906, Dream
907,909, of Everburning
910,911, Finder's
912,913, Glowstone
914,916, of Good Luck
917,918, of Gul and Thiondar
919,920, Honing
921,922, Morya of Mixed Luck
923,925, of Mysterious Sounds
926,927, Nanorion
928,929, Oval of Tzolo's Guardian
930,932, Philosopher's
933,934, Philosopher's II
935,936, of Sampling
937,938, of Shielding
939,941, of Silence
942,943, Spongestone
944,945, Travel
946,948, Wardstone
949,950, Warfu
951,952, of Warmth
953,954, of Weight
955,957, of the Well
958,959,**Tanglefoot**
960,961,**Tanglevine Root**
962,964,Tarts of Accusation
965,966,Tarts of Enticement
967,968,Tarts of a Summer's Day
969,970,**Thorn of Sleep**
971,973,Tooth of Dahlver-nar
974,975,Tooth Dragon
976,977,Tooth Sweet
978,980,Waxes of Careful Hearing
981,982,Waxes Ceiling
983,984,Waxes of Fabrication
985,986,Waxes of Hearing
987,989,Waxes Sealing
990,991,Waxes of Waning
992,993,Weeds Rapture
994,996,Weeds of the Witch
997,1000,**Zwieback of Zymurgy**
