Roll From,Roll To,Item Discovered
1,15,Enchanted Enhancements*#
16,30,Moto Moto Rod of Beguiling
31,45,Moto Moto Rod of Concealment
46,60,Moto Moto Rod of Strength
61,75,Moto Moto Rod of Thundering Compliance
76,90,Rod of Absorption
91,106,Rod of the Aerdi Sea
107,121,Rod of Alertness
122,136,Rod Bample's of Distortion
137,151,Rod of Beguiling
152,166,Rod Blackstick
167,181,Rod of Blind Walking
182,188,Rod of Building
189,197,Rod of Cancellation
198,212,Rod of Cancellation II
213,227,Rod of Climbing
228,242,Rod of Death
243,257,Rod of Diplomacy of Furyondy
258,272,Rod of Distortion
273,287,Rod Diviner of Life
288,303,Rod of Divining
304,318,Rod of Dominion
319,333,Rod of Electrification
334,348,Rod of Elemental Fire
349,363,Rod of Entrapment
364,378,Rod of Equestrians
379,393,Rod Excellent of Engineering
394,409,Rod of Expeditious Transport
410,424,Rod Extendable Hand of Enjoyment
425,439,Rod of Flailing
440,454,Rod of Generalship
455,469,Rod of Glyph Creation
470,484,Rod of Health
485,499,Rod of Indestructibility
500,515,Rod of Inertia
516,530,Rod Iron of Parn
531,545,Rod of Justice
546,560,Rod of Leadership
561,575,Rod Lightning
576,590,Rod of Lordly Might
591,606,Rod Malice's of Reincarnation
607,621,Rod of Many Things
622,636,Rod of Melting
637,651,Rod Monadic Deva
652,666,Rod of the Monolith
667,681,Rod of Onnwal
682,696,Rod of Orbs
697,712,Rod of Parrying
713,727,Rod of Passage
728,742,Quirks*@
743,757,Rod Ranike
758,772,Rod of Rastinon
773,787,Rod of Resurrection
788,802,Rod of Rulership
803,818,Rod of Security
819,833,Rod Segojan Earthcaller's
834,848,Rod of Singing
849,863,Rod of Smiting
864,878,Rod of Smiting II
879,893,Rod of Splendor
894,909,Rod of Terror
910,924,Rod of Victory
925,939,Rod of Weaponry
940,954,Rod of Welkwood
955,969,Rod Whisper's Lesser of Transportation
970,984,Rod Whisper's Greater of Transportation
985,1000,Rod of the Wyrm
