Roll (Low),Roll (High),Item Discovered
1,6,Enchanted Enhancements*#
7,12,Gauntlet of Valor
13,18,Vambrace of Valor
19,24,Couter of Valor
25,30,Rerebrace of Valor
31,36,Pauldrons of Valor
37,42,Rerebrace of Valor
43,48,Vambrace of Valor
49,54,Armor - Abbathor's
55,60,Armor - of Absorption*
61,66,Armor - of Acidic Secretion*
67,72,Armor - Anything*
73,78,Armor - Aquatic*
79,84,Armor - Aquatic With Free Action*
85,90,Armor - Arcane
91,96,Armor - Arvoreen's Chain
97,103,Armor - Aslyferund's
104,109,Armor - of Blackflame
110,115,Armor - of Blending*
116,121,Armor - Blue of the Crystalmist Mountains
122,127,Armor - Bradlie's Leather
128,133,Armor - Callarduran Smoothhand's Chain
134,139,Armor - of Charm*
140,145,Armor - of Comfort*
146,151,Armor - of Command*
152,157,Armor - of Concealed Wizardry*
158,163,Armor - of Continual Cleanliness*
164,169,Armor - of Coolness*
170,175,Armor - of Cure Wounds*
176,181,Armor - of the Desert Evening
182,187,Armor - Dragonarmor
188,193,Armor - Eastern Wooden
194,199,Armor - of Eelix
200,206,Armor - of Electricity
207,212,Armor - Elven Chain
213,218,Armor - of Energy Drain*
219,224,Armor - of Ethereality*
225,230,Armor - of Etherealness
231,236,Armor - of Etherealness II
237,242,Armor - White Dragon
243,248,Armor - Black Dragon
249,254,Armor - Green Dragon
255,260,Armor - Blue Dragon
261,266,Armor - Red Dragon
267,272,Armor - of Fear*
273,278,Armor - of Fear*
279,284,Armor - of Flight*
285,290,Armor - of Gaseous Form*
291,296,Armor - Gnardan's
297,303,Armor - of Haste*
304,309,Armor - of Healing*
310,315,Armor - Heimdall's Red Chain
316,321,Armor - Heimdall's White
322,327,Armor - of Horus
328,333,Armor - Ilneval's Red Chain
334,339,Armor - Indra's Golden
340,345,Armor - of Invisibility*
346,351,Armor - Keolish Plate of the Seas
352,357,Armor - Kumakawa
358,363,Armor - Laeral's Storm
364,369,Armor - Lemmikainen's
370,375,Armor - of Missile Attraction*
376,381,Armor - Mourner's
382,387,Armor - Oyori of the Unknown Warrior
388,392,Armor - Plate of Solamnus
393,399,Armor - of Possession*
400,406,Armor - of Presence*
407,412,Armor - Quirk*
413,418,Armor - of Rage*
419,424,Armor - Rainbow
425,430,Armor - Raji's of the Desert Evening
431,436,Armor - Red of the Hellfurnaces
437,442,Armor - Red Dragon Scale
443,448,Armor - of Reflection*
449,454,Armor - Remove Curse*
455,460,Armor - Scale of Horus
461,466,Armor - Skoriaan's Drow Chain
467,472,Armor - of Solamnia
473,478,Armor - Surt's Iron
479,484,Armor - of Swimming*
485,490,Armor - of Temperature Control*
491,496,Armor - Tulen's Plate of Etherealness
497,502,Armor - of the Undead
503,509,Armor - of Underwater Action*
510,515,Armor - Voice of Heroes
516,521,Armor - of Vulnerability*
522,527,Armor - of Vulnerability*
528,533,Armor - of Warmth*
534,539,Armor - White of the Griff Mountains
540,545,Armor - Barding of Deceptive Travel
546,551,Armor - Barding of Easy Travel
552,557,Armor - Barding of Flight
558,563,Armor - Barding Magical
564,569,Armor - Barding of Missile Protection
570,575,Armor - Barding Morgan's Horse
576,581,Armor - Bonnet Horn
582,587,Armor - Bonnet War
588,593,Armor - Caparison Armored
594,599,Armor - Caparison of Comparison
600,606,Armor - Caparison of Enslavement
607,612,Armor - Caparison of Protection
613,618,Armor - Caparison of Silence
619,624,Armor - Caparison of Sustenance
625,630,Armor - Shield Abbathor's
631,636,Armor - Shield of Absorption
637,642,Armor - Shield Aegis
643,648,Armor - Shield Aegis II
649,654,Armor - Shield Athena's
655,660,Armor - Shield of Blow Turning
661,666,Armor - Shield of Charm
667,672,Armor - Shield of Concealed Wizardry
673,678,Armor - Shield Copper
679,684,Armor - Shield of Cure Wounds
685,690,Armor - Shield Death Watch Beetle
691,696,Armor - Shield Discus
697,702,Armor - Shield of Dragon Protection
703,709,Armor - Shield Dragonscale
710,715,Armor - Shield Dragonshield
716,721,Armor - Shield Dzance's Guardian
722,727,Armor - Shield of Electricity
728,733,Armor - Shield of Energy Drain
734,739,Armor - Shield of Energy Drain II
740,745,Armor - Shield of Ethereality
746,751,Armor - Shield Fire's
752,757,Armor - Shield of Fly
758,763,Armor - Shield of Gaseous Form
764,769,Armor - Shield Goblin of the Pomarj
770,775,Armor - Shield of Greyhawk
776,781,Armor - Shield Grimjaw
782,787,Armor - Shield of Haste
788,793,Armor - Shield Hastsezini's
794,799,Armor - Shield Hawkstone's Bulwark
800,805,Armor - Shield Holy
806,812,Armor - Shield of the Holy
813,818,Armor - Shield of Huma
819,824,Armor - Shield of Invisibility
825,830,Armor - Shield Kirith-Kanoi
831,836,Armor - Shield Laduguer's
837,842,Armor - Shield Laeral's Spell
843,848,Armor - Shield of Lorin
849,854,Armor - Shield Magical Defense
855,860,Armor - Shield Medicine
861,866,Armor - Shield of Medusae
867,872,Armor - Shield Missile Attractor
873,878,Armor - Shield Missile Deflector
879,884,Armor - Shield Noj's Missile Attractor
885,890,Armor - Shield of Olynthos
891,896,Armor - Petrified*
897,902,Armor - Shield of Proof Against...
903,908,Armor - Shield of Proof against Cold
909,915,Armor - Shield of Proof against Electricity
916,921,Armor - Shield of Proof against Fire
922,927,Quirk*@
928,933,Armor - Shield Raji's of the Holy
934,939,Armor - Shield of Reflection
940,945,Armor - Shield of Remove Curse
946,951,Armor - Shield Reptar's Wall
952,957,Armor - Shield Shoon's Buckler
958,963,Armor - Shield Sticky
964,969,Armor - Shield Thurbrand's Protector
970,975,Armor - Shield Tortoise
976,981,Armor - Shield Thillonrian of Berserking
982,987,Armor - Shield White
988,993,Armor - Wood-Iron*
994,1000,Armor - Yondalla's
